	 Total Time (s)	Calls (kCalls)
Frame	0
Others	2.76104	2529.4
DIST_HAD_64x64	0.0280846	3.185
TR_DCT_32x32	0.0305363	3.709
TR_iDCT_32x32	0.0388657	3.683
DIST_SSE_32x32	0.0069533	3.709
TR_DCT_16x16	0.017898	13.167
TR_iDCT_16x16	0.0201823	11.313
DIST_SSE_16x16	0.00550887	13.167
DIST_HAD_32x32	0.0289794	12.74
TR_DCT_8x8	0.0263155	88.888
TR_iDCT_8x8	0.0211895	52.001
DIST_SSE_8x8	0.00879429	88.888
DIST_HAD_16x16	0.0319145	50.96
TR_DST_4x4	0.0517506	262.092
DIST_SSE_4x4	0.0380718	636.552
DIST_HAD_8x8	0.0410189	203.84
TR_DCT_4x4	0.0211928	157.8
TR_iDCT_4x4	0.00562256	28.775
DIST_HAD_4x4	0.0684007	815.36
TR_iDST_4x4	0.0165006	79.567

Frame	1
Others	4.2519	5666.14
TR_DCT_32x32	0.0354334	4.276
DIST_SSE_32x32	0.0190308	10.185
TR_DCT_16x16	0.0420015	30.794
DIST_SSE_16x16	0.0222622	52.539
TR_DCT_8x8	0.0379365	126.065
DIST_SSE_8x8	0.0218266	201.584
DIST_SSE_64x64	0.00774561	0.899
DIST_SAD_64x64	0.0109616	7.735
DIST_SAD_64x64sub	0.00445824	3.209
INTERPOL_HALF_64x64	0.0108385	0.182
DIST_HAD_64x64	0.0350753	3.941
INTERPOL_QUARTER_64x64	0.0242955	0.182
DIST_SAD_32x64	0.0112071	15.47
DIST_SAD_32x64sub	0.00308048	4.332
INTERPOL_HALF_32x64	0.0110066	0.364
DIST_HAD_32x64	0.0350472	7.644
INTERPOL_QUARTER_32x64	0.0243626	0.364
DIST_SAD_64x32	0.0118021	15.47
DIST_SAD_64x32sub	0.00338327	4.6
INTERPOL_HALF_64x32	0.0112921	0.364
DIST_HAD_64x32	0.0343392	7.644
INTERPOL_QUARTER_64x32	0.024754	0.364
TR_DCT_4x4	0.0655775	462.604
DIST_SSE_4x4	0.072157	1022.42
DIST_SAD_32x32	0.0129367	30.94
DIST_SAD_32x32sub	0.00449166	11.121
INTERPOL_HALF_32x32	0.0117404	0.728
DIST_HAD_32x32	0.032294	13.769
INTERPOL_QUARTER_32x32	0.0253717	0.728
DIST_SAD_16x32	0.0161434	61.88
DIST_SAD_16x32sub	0.00489663	19.945
INTERPOL_HALF_16x32	0.01261	1.456
DIST_HAD_16x32	0.0377993	30.576
INTERPOL_QUARTER_16x32	0.0265119	1.456
DIST_SAD_32x16	0.0165005	61.88
DIST_SAD_32x16sub	0.00471239	19.182
INTERPOL_HALF_32x16	0.012823	1.456
DIST_HAD_32x16	0.0377305	30.576
INTERPOL_QUARTER_32x16	0.0264127	1.456
DIST_SAD_16x16	0.0242207	123.76
DIST_SAD_16x16sub	0.007027	40.96
INTERPOL_HALF_16x16	0.0146929	2.912
DIST_HAD_16x16	0.0362046	52.766
INTERPOL_QUARTER_16x16	0.0284541	2.912
DIST_SAD_8x16	0.023725	247.52
DIST_SAD_8x16sub	0.00748265	72.735
INTERPOL_HALF_8x16	0.0167067	5.824
DIST_HAD_8x16	0.0442933	122.304
INTERPOL_QUARTER_8x16	0.0313819	5.824
DIST_SAD_16x8	0.0482552	320.093
INTERPOL_HALF_16x8	0.0178255	5.824
DIST_HAD_16x8	0.0455038	122.304
INTERPOL_QUARTER_16x8	0.032212	5.824
DIST_SAD_8x8	0.0721967	644.054
INTERPOL_HALF_8x8	0.0219774	11.648
DIST_HAD_8x8	0.0483441	210.119
INTERPOL_QUARTER_8x8	0.0360193	11.648
DIST_SAD_4x8	0.0358774	321.412
INTERPOL_HALF_4x8	0.0151274	11.648
DIST_HAD_4x8	0.0437651	279.552
INTERPOL_QUARTER_4x8	0.0220578	11.648
DIST_SAD_8x4	0.0385278	320.112
INTERPOL_HALF_8x4	0.0157304	11.648
DIST_HAD_8x4	0.0452168	279.552
INTERPOL_QUARTER_8x4	0.0230576	11.648
TR_iDCT_32x32	0.0132179	1.218
TR_iDCT_16x16	0.00619947	3.196
DIST_HAD_16x64	0.000559336	0.22
DIST_HAD_48x64	0.00152996	0.22
TR_iDCT_8x8	0.00231952	4.266
TR_iDCT_4x4	0.000951564	3.273
DIST_SAD_32x8	0.00164703	6.118
INTERPOL_HALF_32x8	0.000547631	0.104
DIST_HAD_32x8	0.00160202	2.334
INTERPOL_QUARTER_32x8	0.00107446	0.104
DIST_SAD_32x24	0.00180821	4.42
DIST_SAD_32x24sub	0.000614735	1.573
INTERPOL_HALF_32x24	0.00130053	0.104
DIST_HAD_32x24	0.00437408	2.334
INTERPOL_QUARTER_32x24	0.00287534	0.104
DIST_SAD_8x32	0.00165817	8.16
DIST_SAD_8x32sub	0.000736905	4.181
INTERPOL_HALF_8x32	0.00097908	0.192
DIST_HAD_8x32	0.00297953	4.102
INTERPOL_QUARTER_8x32	0.0020148	0.192
DIST_SAD_24x32	0.00353211	8.16
DIST_SAD_24x32sub	0.00107973	2.668
INTERPOL_HALF_24x32	0.00238122	0.192
DIST_HAD_24x32	0.00768783	4.102
INTERPOL_QUARTER_24x32	0.00528014	0.192
DIST_SAD_16x4	0.00132435	7.886
INTERPOL_HALF_16x4	0.000273586	0.132
DIST_HAD_16x4	0.00112713	3.932
INTERPOL_QUARTER_16x4	0.000460604	0.132
DIST_SAD_16x12	0.00134405	5.61
DIST_SAD_16x12sub	0.000430918	2.009
INTERPOL_HALF_16x12	0.000541858	0.132
DIST_HAD_16x12	0.00219721	3.932
INTERPOL_QUARTER_16x12	0.00106298	0.132
DIST_SAD_4x16	0.00203188	12.24
DIST_SAD_4x16sub	0.000623302	5.281
INTERPOL_HALF_4x16	0.000573816	0.288
DIST_HAD_4x16	0.00204417	6.928
INTERPOL_QUARTER_4x16	0.000994549	0.288
DIST_SAD_12x16	0.00317169	12.24
DIST_SAD_12x16sub	0.00138929	6.248
INTERPOL_HALF_12x16	0.00118335	0.288
DIST_HAD_12x16	0.00390687	6.928
INTERPOL_QUARTER_12x16	0.00234944	0.288
DIST_HAD_64x16	0.000254145	0.1
DIST_HAD_64x48	0.000697924	0.1
TR_DST_4x4	0.000230031	0.694
TR_iDST_4x4	4.66e-05	0.147
DIST_HAD_4x4	0.00039652	1.82

Frame	2
Others	5.78026	9394.46
TR_DCT_32x32	0.037457	4.511
DIST_SSE_32x32	0.0202076	10.793
TR_DCT_16x16	0.0438563	32.026
DIST_SSE_16x16	0.0234795	55.199
TR_DCT_8x8	0.0395061	130.75
DIST_SSE_8x8	0.0230589	208.929
DIST_SSE_64x64	0.00786501	0.909
DIST_SAD_64x64	0.0218619	15.47
DIST_SAD_64x64sub	0.00734534	5.246
INTERPOL_HALF_64x64	0.0216045	0.364
DIST_HAD_64x64	0.064489	7.252
INTERPOL_QUARTER_64x64	0.0486736	0.364
DIST_SAD_32x64	0.0225257	30.94
DIST_SAD_32x64sub	0.00722822	10.191
INTERPOL_HALF_32x64	0.0219552	0.728
DIST_HAD_32x64	0.065085	14.196
INTERPOL_QUARTER_32x64	0.0491067	0.728
DIST_SAD_64x32	0.0236475	30.94
DIST_SAD_64x32sub	0.0080824	11.048
INTERPOL_HALF_64x32	0.0226005	0.728
DIST_HAD_64x32	0.0639318	14.196
INTERPOL_QUARTER_64x32	0.0500851	0.728
TR_DCT_4x4	0.068255	473.548
DIST_SSE_4x4	0.0749444	1047.9
DIST_SAD_32x32	0.0256684	61.88
DIST_SAD_32x32sub	0.0104944	26.181
INTERPOL_HALF_32x32	0.0232744	1.456
DIST_HAD_32x32	0.0638435	27.398
INTERPOL_QUARTER_32x32	0.0506768	1.456
DIST_SAD_16x32	0.0321178	123.76
DIST_SAD_16x32sub	0.0100995	41.518
INTERPOL_HALF_16x32	0.0249172	2.912
DIST_HAD_16x32	0.069716	56.784
INTERPOL_QUARTER_16x32	0.0529962	2.912
DIST_SAD_32x16	0.032786	123.76
DIST_SAD_32x16sub	0.00991129	40.875
INTERPOL_HALF_32x16	0.0253792	2.912
DIST_HAD_32x16	0.069737	56.784
INTERPOL_QUARTER_32x16	0.0530069	2.912
DIST_SAD_16x16	0.0477967	247.52
DIST_SAD_16x16sub	0.0153478	90.907
INTERPOL_HALF_16x16	0.0286897	5.824
DIST_HAD_16x16	0.0720585	105.987
INTERPOL_QUARTER_16x16	0.0566108	5.824
DIST_SAD_8x16	0.0477878	495.04
DIST_SAD_8x16sub	0.016151	155.715
INTERPOL_HALF_8x16	0.0331104	11.648
DIST_HAD_8x16	0.0821566	227.136
INTERPOL_QUARTER_8x16	0.0627043	11.648
DIST_SAD_16x8	0.0977867	648.934
INTERPOL_HALF_16x8	0.0352874	11.648
DIST_HAD_16x8	0.0842435	227.136
INTERPOL_QUARTER_16x8	0.0644206	11.648
DIST_SAD_8x8	0.144982	1312.55
INTERPOL_HALF_8x8	0.0422396	23.296
DIST_HAD_8x8	0.0954753	420.833
INTERPOL_QUARTER_8x8	0.0709915	23.296
DIST_SAD_4x8	0.072066	662.231
INTERPOL_HALF_4x8	0.0285823	23.296
DIST_HAD_4x8	0.0744428	489.216
INTERPOL_QUARTER_4x8	0.0429882	23.296
DIST_SAD_8x4	0.0761309	651.446
INTERPOL_HALF_8x4	0.0301915	23.296
DIST_HAD_8x4	0.0770073	489.216
INTERPOL_QUARTER_8x4	0.044802	23.296
TR_iDCT_8x8	0.00379232	7.077
TR_iDCT_32x32	0.0170322	1.553
TR_iDCT_16x16	0.008818	4.494
DIST_HAD_16x64	0.000589385	0.23
DIST_HAD_48x64	0.00160947	0.23
TR_iDCT_4x4	0.00177233	5.994
DIST_HAD_32x8	0.0026579	3.908
DIST_HAD_32x24	0.00727638	3.908
DIST_SAD_8x32	0.00285785	14.62
DIST_SAD_8x32sub	0.00154896	8.607
INTERPOL_HALF_8x32	0.00171506	0.344
DIST_HAD_8x32	0.00501918	6.978
INTERPOL_QUARTER_8x32	0.00359147	0.344
DIST_SAD_24x32	0.00619857	14.62
DIST_SAD_24x32sub	0.00200026	4.976
INTERPOL_HALF_24x32	0.00427118	0.344
DIST_HAD_24x32	0.013061	6.978
INTERPOL_QUARTER_24x32	0.00953172	0.344
DIST_HAD_16x4	0.00195515	7.516
DIST_HAD_16x12	0.00394837	7.516
DIST_HAD_4x16	0.00346319	13.144
DIST_HAD_12x16	0.00679918	13.144
DIST_SAD_16x4	0.00407495	22.954
INTERPOL_HALF_16x4	0.000673282	0.328
INTERPOL_QUARTER_16x4	0.00114036	0.328
DIST_SAD_16x12	0.00338334	13.94
DIST_SAD_16x12sub	0.00128822	5.945
INTERPOL_HALF_16x12	0.00132751	0.328
INTERPOL_QUARTER_16x12	0.00264172	0.328
DIST_SAD_4x16	0.00436336	26.86
DIST_SAD_4x16sub	0.00186785	16.335
INTERPOL_HALF_4x16	0.00120527	0.632
INTERPOL_QUARTER_4x16	0.00212857	0.632
DIST_SAD_12x16	0.00671215	26.86
DIST_SAD_12x16sub	0.00312691	14.552
INTERPOL_HALF_12x16	0.00254242	0.632
INTERPOL_QUARTER_12x16	0.00505904	0.632
TR_DST_4x4	0.000755758	2.295
TR_iDST_4x4	0.000196174	0.626
DIST_HAD_4x4	0.0013074	6.02
DIST_SAD_32x8	0.00398846	12.001
INTERPOL_HALF_32x8	0.000972764	0.184
INTERPOL_QUARTER_32x8	0.00193077	0.184
DIST_SAD_32x24	0.00357602	7.82
DIST_SAD_32x24sub	0.0014498	3.517
INTERPOL_HALF_32x24	0.00231688	0.184
INTERPOL_QUARTER_32x24	0.00513002	0.184
DIST_HAD_64x16	0.000286108	0.11
DIST_HAD_64x48	0.000778845	0.11

Frame	3
Others	7.06263	13064.9
TR_DCT_32x32	0.0386128	4.623
DIST_SSE_32x32	0.0206938	10.983
TR_DCT_16x16	0.0448155	32.599
DIST_SSE_16x16	0.0238609	55.968
TR_DCT_8x8	0.0398046	132.082
DIST_SSE_8x8	0.0228611	210.218
DIST_SSE_64x64	0.00804205	0.926
DIST_SAD_64x64	0.0328153	23.205
DIST_SAD_64x64sub	0.0134326	9.599
INTERPOL_HALF_64x64	0.032373	0.546
DIST_HAD_64x64	0.0948071	10.633
INTERPOL_QUARTER_64x64	0.073173	0.546
DIST_SAD_32x64	0.0340518	46.41
DIST_SAD_32x64sub	0.0120852	16.995
INTERPOL_HALF_32x64	0.0329936	1.092
DIST_HAD_32x64	0.0955407	20.748
INTERPOL_QUARTER_32x64	0.0742728	1.092
DIST_SAD_64x32	0.0354544	46.41
DIST_SAD_64x32sub	0.0126832	17.338
INTERPOL_HALF_64x32	0.0338233	1.092
DIST_HAD_64x32	0.093413	20.748
INTERPOL_QUARTER_64x32	0.0752723	1.092
TR_DCT_4x4	0.066089	474.284
DIST_SSE_4x4	0.0711588	1049.3
DIST_SAD_32x32	0.0386498	92.82
DIST_SAD_32x32sub	0.0173922	43.472
INTERPOL_HALF_32x32	0.0349184	2.184
DIST_HAD_32x32	0.0947859	40.432
INTERPOL_QUARTER_32x32	0.0765274	2.184
DIST_SAD_16x32	0.0483112	185.64
DIST_SAD_16x32sub	0.0169624	70.353
INTERPOL_HALF_16x32	0.037337	4.368
DIST_HAD_16x32	0.102365	82.992
INTERPOL_QUARTER_16x32	0.0798444	4.368
DIST_SAD_32x16	0.0491841	185.64
DIST_SAD_32x16sub	0.0158744	65.712
INTERPOL_HALF_32x16	0.0379683	4.368
DIST_HAD_32x16	0.102053	82.992
INTERPOL_QUARTER_32x16	0.079651	4.368
DIST_SAD_16x16	0.0710528	371.28
DIST_SAD_16x16sub	0.0252435	152.516
INTERPOL_HALF_16x16	0.0424015	8.736
DIST_HAD_16x16	0.107452	158.648
INTERPOL_QUARTER_16x16	0.0845825	8.736
DIST_SAD_8x16	0.0694395	742.533
DIST_SAD_8x16sub	0.0260774	259.682
INTERPOL_HALF_8x16	0.0490811	17.472
DIST_HAD_8x16	0.11814	331.968
INTERPOL_QUARTER_8x16	0.0936905	17.472
DIST_SAD_16x8	0.144777	979.918
INTERPOL_HALF_16x8	0.051388	17.472
DIST_HAD_16x8	0.120711	331.968
INTERPOL_QUARTER_16x8	0.0949971	17.472
DIST_SAD_8x8	0.211993	1988.69
INTERPOL_HALF_8x8	0.0617093	34.944
DIST_HAD_8x8	0.140152	630.497
INTERPOL_QUARTER_8x8	0.105207	34.944
DIST_SAD_4x8	0.104345	997.844
INTERPOL_HALF_4x8	0.0413361	34.944
DIST_HAD_4x8	0.102091	698.88
INTERPOL_QUARTER_4x8	0.0630913	34.944
DIST_SAD_8x4	0.111225	992.732
INTERPOL_HALF_8x4	0.0440171	34.944
DIST_HAD_8x4	0.105689	698.88
INTERPOL_QUARTER_8x4	0.065571	34.944
TR_iDCT_32x32	0.0177859	1.612
TR_iDCT_16x16	0.00925987	4.693
DIST_HAD_16x64	0.000622801	0.24
DIST_HAD_48x64	0.0016907	0.24
TR_iDCT_8x8	0.00381926	6.979
DIST_HAD_32x8	0.00377172	5.594
DIST_HAD_32x24	0.0103501	5.594
DIST_HAD_8x32	0.006873	9.866
DIST_HAD_24x32	0.0182192	9.866
DIST_SAD_8x32	0.00417751	21.42
DIST_SAD_8x32sub	0.00307126	18.399
INTERPOL_HALF_8x32	0.00250578	0.504
INTERPOL_QUARTER_8x32	0.00527206	0.504
DIST_SAD_24x32	0.00913292	21.42
DIST_SAD_24x32sub	0.00436263	11.138
INTERPOL_HALF_24x32	0.00620836	0.504
INTERPOL_QUARTER_24x32	0.0140262	0.504
TR_iDCT_4x4	0.00170526	5.559
DIST_HAD_16x4	0.00192418	7.466
DIST_HAD_16x12	0.00385568	7.466
DIST_SAD_4x16	0.00444453	31.11
DIST_SAD_4x16sub	0.0027578	25.462
INTERPOL_HALF_4x16	0.00135303	0.732
DIST_HAD_4x16	0.00396203	14.948
INTERPOL_QUARTER_4x16	0.00243718	0.732
DIST_SAD_12x16	0.0072047	31.11
DIST_SAD_12x16sub	0.00463345	21.956
INTERPOL_HALF_12x16	0.0028815	0.732
DIST_HAD_12x16	0.00781962	14.948
INTERPOL_QUARTER_12x16	0.00587589	0.732
TR_DST_4x4	0.000751441	2.415
TR_iDST_4x4	0.000171245	0.57
DIST_SAD_16x4	0.00360069	19.963
INTERPOL_HALF_16x4	0.000647831	0.324
INTERPOL_QUARTER_16x4	0.00110783	0.324
DIST_SAD_16x12	0.00337315	13.77
DIST_SAD_16x12sub	0.00147293	7.085
INTERPOL_HALF_16x12	0.00129172	0.324
INTERPOL_QUARTER_16x12	0.00259611	0.324
DIST_HAD_4x4	0.000958835	6.02
DIST_HAD_64x16	0.000306727	0.12
DIST_HAD_64x48	0.000835562	0.12
DIST_SAD_32x8	0.00625155	18.838
INTERPOL_HALF_32x8	0.00144887	0.276
INTERPOL_QUARTER_32x8	0.00286279	0.276
DIST_SAD_32x24	0.00539109	11.73
DIST_SAD_32x24sub	0.00265747	6.375
INTERPOL_HALF_32x24	0.0034431	0.276
INTERPOL_QUARTER_32x24	0.00769522	0.276

Frame	4
Others	10.4683	18912.2
TR_DCT_32x32	0.0579443	6.949
DIST_SSE_32x32	0.0308261	16.478
TR_DCT_16x16	0.0633709	46.215
DIST_SSE_16x16	0.035508	84.094
TR_DCT_8x8	0.0550312	184.166
DIST_SSE_8x8	0.0327003	293.101
DIST_SSE_64x64	0.00982561	1.139
DIST_SAD_64x64	0.0438349	30.94
DIST_SAD_64x64sub	0.0170193	12.185
INTERPOL_HALF_64x64	0.0430933	0.728
DIST_HAD_64x64	0.130475	14.679
INTERPOL_QUARTER_64x64	0.0980547	0.728
DIST_SAD_32x64	0.0450486	61.88
DIST_SAD_32x64sub	0.0180093	25.34
INTERPOL_HALF_32x64	0.0437166	1.456
DIST_HAD_32x64	0.124915	27.3
INTERPOL_QUARTER_32x64	0.0989299	1.456
DIST_SAD_64x32	0.0471861	61.88
DIST_SAD_64x32sub	0.0232131	31.729
INTERPOL_HALF_64x32	0.0449645	1.456
DIST_HAD_64x32	0.122858	27.3
INTERPOL_QUARTER_64x32	0.101034	1.456
TR_DCT_4x4	0.0882964	610.712
DIST_SSE_4x4	0.10073	1379.26
DIST_SAD_32x32	0.0511212	123.76
DIST_SAD_32x32sub	0.0245597	61.607
INTERPOL_HALF_32x32	0.0461162	2.912
DIST_HAD_32x32	0.132538	57.001
INTERPOL_QUARTER_32x32	0.101978	2.912
DIST_SAD_16x32	0.0645622	247.52
DIST_SAD_16x32sub	0.0283492	116.381
INTERPOL_HALF_16x32	0.0498507	5.824
DIST_HAD_16x32	0.134521	109.2
INTERPOL_QUARTER_16x32	0.107509	5.824
DIST_SAD_32x16	0.0660681	247.52
DIST_SAD_32x16sub	0.028297	115.807
INTERPOL_HALF_32x16	0.0507356	5.824
DIST_HAD_32x16	0.134881	109.2
INTERPOL_QUARTER_32x16	0.107347	5.824
DIST_SAD_16x16	0.0953237	495.04
DIST_SAD_16x16sub	0.0470543	283.825
INTERPOL_HALF_16x16	0.0565287	11.648
DIST_HAD_16x16	0.149796	220.059
INTERPOL_QUARTER_16x16	0.113994	11.648
DIST_SAD_8x16	0.0945958	990.08
DIST_SAD_8x16sub	0.040015	394.024
INTERPOL_HALF_8x16	0.0655713	23.296
DIST_HAD_8x16	0.156842	436.8
INTERPOL_QUARTER_8x16	0.126041	23.296
DIST_SAD_16x8	0.205774	1361.63
INTERPOL_HALF_16x8	0.069902	23.296
DIST_HAD_16x8	0.161255	436.8
INTERPOL_QUARTER_16x8	0.129414	23.296
DIST_SAD_8x8	0.311378	2839.2
INTERPOL_HALF_8x8	0.0824485	46.592
DIST_HAD_8x8	0.19338	857.206
INTERPOL_QUARTER_8x8	0.141187	46.592
DIST_SAD_4x8	0.153129	1434.49
INTERPOL_HALF_4x8	0.0549429	46.592
DIST_HAD_4x8	0.135721	908.544
INTERPOL_QUARTER_4x8	0.084751	46.592
DIST_SAD_8x4	0.162	1410.43
INTERPOL_HALF_8x4	0.0586704	46.592
DIST_HAD_8x4	0.140456	908.544
INTERPOL_QUARTER_8x4	0.0877805	46.592
TR_iDCT_32x32	0.0478417	4.342
TR_iDCT_16x16	0.0341689	17.445
DIST_SAD_32x8	0.0177859	65.016
INTERPOL_HALF_32x8	0.00470036	0.896
DIST_HAD_32x8	0.0121517	17.53
INTERPOL_QUARTER_32x8	0.00929839	0.896
DIST_SAD_32x24	0.0150324	38.08
DIST_SAD_32x24sub	0.00751307	19.223
INTERPOL_HALF_32x24	0.0111757	0.896
DIST_HAD_32x24	0.0325941	17.53
INTERPOL_QUARTER_32x24	0.0250934	0.896
DIST_SAD_8x32	0.0107756	53.72
DIST_SAD_8x32sub	0.00609336	35.217
INTERPOL_HALF_8x32	0.0062602	1.264
DIST_HAD_8x32	0.0174825	24.39
INTERPOL_QUARTER_8x32	0.0131881	1.264
DIST_SAD_24x32	0.0225696	53.72
DIST_SAD_24x32sub	0.0105596	25.843
INTERPOL_HALF_24x32	0.015616	1.264
DIST_HAD_24x32	0.0451992	24.39
INTERPOL_QUARTER_24x32	0.0351165	1.264
TR_iDCT_8x8	0.0216123	38.517
DIST_HAD_64x16	0.000818838	0.33
DIST_HAD_64x48	0.00228124	0.33
DIST_HAD_16x64	0.00112349	0.42
DIST_HAD_48x64	0.00301571	0.42
TR_iDCT_4x4	0.0117169	38.57
DIST_SAD_16x4	0.0252074	139.043
INTERPOL_HALF_16x4	0.0042807	2.08
DIST_HAD_16x4	0.0120074	41.85
INTERPOL_QUARTER_16x4	0.0072038	2.08
DIST_SAD_16x12	0.0226653	88.4
DIST_SAD_16x12sub	0.00850365	36.363
INTERPOL_HALF_16x12	0.00845113	2.08
DIST_HAD_16x12	0.0233657	41.85
INTERPOL_QUARTER_16x12	0.0168154	2.08
DIST_SAD_4x16	0.0196208	108.12
DIST_SAD_4x16sub	0.00881102	72.966
INTERPOL_HALF_4x16	0.00479628	2.544
DIST_HAD_4x16	0.0151198	50.37
INTERPOL_QUARTER_4x16	0.00854749	2.544
DIST_SAD_12x16	0.0299264	108.12
DIST_SAD_12x16sub	0.0118418	48.153
INTERPOL_HALF_12x16	0.0102561	2.544
DIST_HAD_12x16	0.0290641	50.37
INTERPOL_QUARTER_12x16	0.0204923	2.544
TR_DST_4x4	0.00904942	26.676
TR_iDST_4x4	0.00339834	11.13
DIST_HAD_4x4	0.0165113	74.2

Frame	5
Others	8.54895	16978.6
TR_DCT_32x32	0.0367238	4.447
DIST_SSE_32x32	0.0197382	10.561
TR_DCT_16x16	0.0431714	31.613
DIST_SSE_16x16	0.0227502	53.694
TR_DCT_8x8	0.0381041	127.203
DIST_SSE_8x8	0.0221673	203.075
DIST_SSE_64x64	0.0079496	0.92
DIST_SAD_64x64	0.0437593	30.94
DIST_SAD_64x64sub	0.0230985	16.683
INTERPOL_HALF_64x64	0.0430724	0.728
DIST_HAD_64x64	0.122841	13.839
INTERPOL_QUARTER_64x64	0.0967009	0.728
DIST_SAD_32x64	0.0449143	61.88
DIST_SAD_32x64sub	0.0189821	26.919
INTERPOL_HALF_32x64	0.0436095	1.456
DIST_HAD_32x64	0.124637	27.3
INTERPOL_QUARTER_32x64	0.0974767	1.456
DIST_SAD_64x32	0.0470375	61.88
DIST_SAD_64x32sub	0.0211187	28.968
INTERPOL_HALF_64x32	0.044894	1.456
DIST_HAD_64x32	0.12239	27.3
INTERPOL_QUARTER_64x32	0.0993686	1.456
TR_DCT_4x4	0.0647716	460.6
DIST_SSE_4x4	0.0690567	1019.73
DIST_SAD_32x32	0.0509169	123.76
DIST_SAD_32x32sub	0.0262011	66.219
INTERPOL_HALF_32x32	0.0460131	2.912
DIST_HAD_32x32	0.123326	53.116
INTERPOL_QUARTER_32x32	0.100566	2.912
DIST_SAD_16x32	0.0638815	247.52
DIST_SAD_16x32sub	0.0258652	108.65
INTERPOL_HALF_16x32	0.0494115	5.824
DIST_HAD_16x32	0.133459	109.2
INTERPOL_QUARTER_16x32	0.105301	5.824
DIST_SAD_32x16	0.0652663	247.52
DIST_SAD_32x16sub	0.0248192	103.379
INTERPOL_HALF_32x16	0.0503538	5.824
DIST_HAD_32x16	0.133538	109.2
INTERPOL_QUARTER_32x16	0.10539	5.824
DIST_SAD_16x16	0.0940555	495.04
DIST_SAD_16x16sub	0.0436125	267.727
INTERPOL_HALF_16x16	0.0560133	11.648
DIST_HAD_16x16	0.14107	210.259
INTERPOL_QUARTER_16x16	0.111972	11.648
DIST_SAD_8x16	0.0920312	990.071
DIST_SAD_8x16sub	0.0355482	355.325
INTERPOL_HALF_8x16	0.0647748	23.296
DIST_HAD_8x16	0.154736	436.8
INTERPOL_QUARTER_8x16	0.124168	23.296
DIST_SAD_16x8	0.199385	1350.33
INTERPOL_HALF_16x8	0.068282	23.296
DIST_HAD_16x8	0.159182	436.8
INTERPOL_QUARTER_16x8	0.126572	23.296
DIST_SAD_8x8	0.291811	2739.92
INTERPOL_HALF_8x8	0.080885	46.592
DIST_HAD_8x8	0.185154	839.356
INTERPOL_QUARTER_8x8	0.139322	46.592
DIST_SAD_4x8	0.143809	1389.4
INTERPOL_HALF_4x8	0.0537288	46.592
DIST_HAD_4x8	0.13156	908.544
INTERPOL_QUARTER_4x8	0.083498	46.592
DIST_SAD_8x4	0.151121	1364.57
INTERPOL_HALF_8x4	0.0573286	46.592
DIST_HAD_8x4	0.136269	908.544
INTERPOL_QUARTER_8x4	0.0867768	46.592
TR_iDCT_32x32	0.0148588	1.374
TR_iDCT_16x16	0.00711204	3.687
DIST_HAD_16x64	0.000587611	0.23
DIST_HAD_48x64	0.00160329	0.23
TR_iDCT_8x8	0.00265044	4.888
DIST_HAD_32x8	0.0031102	4.6
DIST_HAD_32x24	0.00846813	4.6
DIST_HAD_8x32	0.00802537	11.66
DIST_HAD_24x32	0.0212858	11.66
TR_iDCT_4x4	0.00119395	4.068
DIST_SAD_8x32	0.00494603	25.84
DIST_SAD_8x32sub	0.00444065	26.78
INTERPOL_HALF_8x32	0.00300085	0.608
INTERPOL_QUARTER_8x32	0.00629519	0.608
DIST_SAD_24x32	0.0107375	25.84
DIST_SAD_24x32sub	0.00797986	20.966
INTERPOL_HALF_24x32	0.00740717	0.608
INTERPOL_QUARTER_24x32	0.0167761	0.608
DIST_SAD_16x4	0.00715804	45.19
INTERPOL_HALF_16x4	0.000998751	0.496
DIST_HAD_16x4	0.00266416	10.15
INTERPOL_QUARTER_16x4	0.00169259	0.496
DIST_SAD_16x12	0.00472444	21.08
DIST_SAD_16x12sub	0.00263367	13.44
INTERPOL_HALF_16x12	0.00196798	0.496
DIST_HAD_16x12	0.00520337	10.15
INTERPOL_QUARTER_16x12	0.00398159	0.496
DIST_HAD_4x16	0.00476016	17.75
DIST_HAD_12x16	0.00920896	17.75
DIST_SAD_4x16	0.00621642	38.76
DIST_SAD_4x16sub	0.00428932	37.759
INTERPOL_HALF_4x16	0.00168628	0.912
INTERPOL_QUARTER_4x16	0.00301474	0.912
DIST_SAD_12x16	0.00975557	38.76
DIST_SAD_12x16sub	0.00656199	31.915
INTERPOL_HALF_12x16	0.00359607	0.912
INTERPOL_QUARTER_12x16	0.00730039	0.912
DIST_SAD_32x8	0.00536578	17.021
INTERPOL_HALF_32x8	0.00117254	0.224
INTERPOL_QUARTER_32x8	0.00232452	0.224
DIST_SAD_32x24	0.00421896	9.52
DIST_SAD_32x24sub	0.00339078	8.217
INTERPOL_HALF_32x24	0.00277155	0.224
INTERPOL_QUARTER_32x24	0.00620667	0.224
DIST_HAD_64x16	0.000332185	0.13
DIST_HAD_64x48	0.000903848	0.13
TR_DST_4x4	0.000360764	1.09
TR_iDST_4x4	0.000100156	0.324
DIST_HAD_4x4	0.000607346	2.8

Frame	6
Others	8.79503	17290.1
TR_DCT_32x32	0.0398737	4.818
DIST_SSE_32x32	0.0213245	11.422
TR_DCT_16x16	0.04574	33.436
DIST_SSE_16x16	0.0243865	57.378
TR_DCT_8x8	0.0402765	134.459
DIST_SSE_8x8	0.0230035	213.852
DIST_SSE_64x64	0.00819073	0.95
DIST_SAD_64x64	0.0437091	30.94
DIST_SAD_64x64sub	0.0227333	16.427
INTERPOL_HALF_64x64	0.0430872	0.728
DIST_HAD_64x64	0.124049	13.979
INTERPOL_QUARTER_64x64	0.0967376	0.728
DIST_SAD_32x64	0.0450089	61.88
DIST_SAD_32x64sub	0.0201568	28.503
INTERPOL_HALF_32x64	0.0436214	1.456
DIST_HAD_32x64	0.12464	27.3
INTERPOL_QUARTER_32x64	0.0978231	1.456
DIST_SAD_64x32	0.0470236	61.88
DIST_SAD_64x32sub	0.021542	29.551
INTERPOL_HALF_64x32	0.0449148	1.456
DIST_HAD_64x32	0.122446	27.3
INTERPOL_QUARTER_64x32	0.0995469	1.456
TR_DCT_4x4	0.0671686	477.48
DIST_SSE_4x4	0.0721521	1058.48
DIST_SAD_32x32	0.0510002	123.76
DIST_SAD_32x32sub	0.0280336	70.626
INTERPOL_HALF_32x32	0.046101	2.912
DIST_HAD_32x32	0.124943	53.816
INTERPOL_QUARTER_32x32	0.100947	2.912
DIST_SAD_16x32	0.0640857	247.52
DIST_SAD_16x32sub	0.0273456	114.267
INTERPOL_HALF_16x32	0.049545	5.824
DIST_HAD_16x32	0.133662	109.2
INTERPOL_QUARTER_16x32	0.105749	5.824
DIST_SAD_32x16	0.0653358	247.52
DIST_SAD_32x16sub	0.0264867	110.438
INTERPOL_HALF_32x16	0.0503412	5.824
DIST_HAD_32x16	0.133533	109.2
INTERPOL_QUARTER_32x16	0.105519	5.824
DIST_SAD_16x16	0.0941535	495.04
DIST_SAD_16x16sub	0.0444939	270.613
INTERPOL_HALF_16x16	0.056053	11.648
DIST_HAD_16x16	0.14187	210.994
INTERPOL_QUARTER_16x16	0.112186	11.648
DIST_SAD_8x16	0.0918089	990.08
DIST_SAD_8x16sub	0.036924	372.172
INTERPOL_HALF_8x16	0.064867	23.296
DIST_HAD_8x16	0.154414	436.8
INTERPOL_QUARTER_8x16	0.124297	23.296
DIST_SAD_16x8	0.198406	1354.53
INTERPOL_HALF_16x8	0.0675524	23.296
DIST_HAD_16x8	0.158384	436.8
INTERPOL_QUARTER_16x8	0.125735	23.296
DIST_SAD_8x8	0.292904	2760.53
INTERPOL_HALF_8x8	0.0807688	46.592
DIST_HAD_8x8	0.18472	840.756
INTERPOL_QUARTER_8x8	0.139194	46.592
DIST_SAD_4x8	0.144461	1402.64
INTERPOL_HALF_4x8	0.0536955	46.592
DIST_HAD_4x8	0.130805	908.544
INTERPOL_QUARTER_4x8	0.0832554	46.592
DIST_SAD_8x4	0.151221	1373.56
INTERPOL_HALF_8x4	0.0572364	46.592
DIST_HAD_8x4	0.135454	908.544
INTERPOL_QUARTER_8x4	0.0864098	46.592
TR_iDCT_16x16	0.010115	5.242
TR_iDCT_32x32	0.0201644	1.848
DIST_HAD_16x64	0.000740921	0.29
DIST_HAD_48x64	0.00201707	0.29
TR_iDCT_8x8	0.00458042	8.485
DIST_HAD_32x8	0.00432586	6.38
DIST_HAD_32x24	0.0119581	6.38
DIST_HAD_8x32	0.0096743	13.75
DIST_HAD_24x32	0.0255255	13.75
TR_iDCT_4x4	0.0021423	7.226
DIST_HAD_16x4	0.00281726	11.88
DIST_HAD_16x12	0.00576258	11.88
DIST_HAD_4x16	0.00605742	24.83
DIST_HAD_12x16	0.0123619	24.83
TR_DST_4x4	0.000893868	3.073
TR_iDST_4x4	0.000222349	0.797
DIST_HAD_4x4	0.00137281	8.4
DIST_SAD_8x32	0.00661959	30.573
DIST_SAD_8x32sub	0.00638707	36.723
INTERPOL_HALF_8x32	0.00357769	0.72
INTERPOL_QUARTER_8x32	0.00753488	0.72
DIST_SAD_24x32	0.0139152	30.6
DIST_SAD_24x32sub	0.00875744	22.568
INTERPOL_HALF_24x32	0.00892881	0.72
INTERPOL_QUARTER_24x32	0.0199855	0.72
DIST_SAD_16x4	0.00675758	40.484
INTERPOL_HALF_16x4	0.00112978	0.576
INTERPOL_QUARTER_16x4	0.00193396	0.576
DIST_SAD_16x12	0.00558527	24.48
DIST_SAD_16x12sub	0.00254126	13.293
INTERPOL_HALF_16x12	0.00226443	0.576
INTERPOL_QUARTER_16x12	0.00457213	0.576
DIST_SAD_4x16	0.00853835	54.4
DIST_SAD_4x16sub	0.00649337	57.977
INTERPOL_HALF_4x16	0.00236021	1.28
INTERPOL_QUARTER_4x16	0.00422423	1.28
DIST_SAD_12x16	0.0136044	54.4
DIST_SAD_12x16sub	0.0101959	47.459
INTERPOL_HALF_12x16	0.00504559	1.28
INTERPOL_QUARTER_12x16	0.0102339	1.28
DIST_SAD_32x8	0.00797915	24.634
INTERPOL_HALF_32x8	0.00168432	0.32
INTERPOL_QUARTER_32x8	0.00334428	0.32
DIST_SAD_32x24	0.00665747	13.6
DIST_SAD_32x24sub	0.00302745	7.406
INTERPOL_HALF_32x24	0.00402808	0.32
INTERPOL_QUARTER_32x24	0.00893073	0.32
DIST_HAD_64x16	0.000279485	0.11
DIST_HAD_64x48	0.00076838	0.11

Frame	7
Others	8.831	17437.8
TR_DCT_32x32	0.041371	5.004
DIST_SSE_32x32	0.0218491	11.708
TR_DCT_16x16	0.0467681	34.326
DIST_SSE_16x16	0.02466	58.101
TR_DCT_8x8	0.0403871	135.596
DIST_SSE_8x8	0.0233941	214.455
DIST_SSE_64x64	0.00844788	0.979
DIST_SAD_64x64	0.0437473	30.94
DIST_SAD_64x64sub	0.0257231	18.597
INTERPOL_HALF_64x64	0.0430397	0.728
DIST_HAD_64x64	0.125608	14.154
INTERPOL_QUARTER_64x64	0.096609	0.728
DIST_SAD_32x64	0.0449711	61.88
DIST_SAD_32x64sub	0.0240993	34.07
INTERPOL_HALF_32x64	0.0436609	1.456
DIST_HAD_32x64	0.124626	27.3
INTERPOL_QUARTER_32x64	0.0976341	1.456
DIST_SAD_64x32	0.0470663	61.88
DIST_SAD_64x32sub	0.0250603	34.362
INTERPOL_HALF_64x32	0.044909	1.456
DIST_HAD_64x32	0.122481	27.3
INTERPOL_QUARTER_64x32	0.0995356	1.456
TR_DCT_4x4	0.0676652	475.516
DIST_SSE_4x4	0.0726976	1054.13
DIST_SAD_32x32	0.0510285	123.76
DIST_SAD_32x32sub	0.0351222	88.461
INTERPOL_HALF_32x32	0.0461498	2.912
DIST_HAD_32x32	0.124749	53.641
INTERPOL_QUARTER_32x32	0.10073	2.912
DIST_SAD_16x32	0.0641382	247.52
DIST_SAD_16x32sub	0.0267205	111.016
INTERPOL_HALF_16x32	0.0495221	5.824
DIST_HAD_16x32	0.133808	109.2
INTERPOL_QUARTER_16x32	0.105664	5.824
DIST_SAD_32x16	0.065445	247.52
DIST_SAD_32x16sub	0.0286499	118.994
INTERPOL_HALF_32x16	0.0504417	5.824
DIST_HAD_32x16	0.133716	109.2
INTERPOL_QUARTER_32x16	0.105513	5.824
DIST_SAD_16x16	0.0943037	495.04
DIST_SAD_16x16sub	0.0456621	277.674
INTERPOL_HALF_16x16	0.0560895	11.648
DIST_HAD_16x16	0.14202	210.819
INTERPOL_QUARTER_16x16	0.11214	11.648
DIST_SAD_8x16	0.0927079	990.053
DIST_SAD_8x16sub	0.0401954	401.587
INTERPOL_HALF_8x16	0.0650998	23.296
DIST_HAD_8x16	0.154984	436.8
INTERPOL_QUARTER_8x16	0.124277	23.296
DIST_SAD_16x8	0.20176	1354.91
INTERPOL_HALF_16x8	0.0687405	23.296
DIST_HAD_16x8	0.159335	436.8
INTERPOL_QUARTER_16x8	0.126938	23.296
DIST_SAD_8x8	0.302233	2817.68
INTERPOL_HALF_8x8	0.0813307	46.592
DIST_HAD_8x8	0.186529	840.581
INTERPOL_QUARTER_8x8	0.139104	46.592
DIST_SAD_4x8	0.149939	1437.61
INTERPOL_HALF_4x8	0.0542088	46.592
DIST_HAD_4x8	0.133104	908.544
INTERPOL_QUARTER_4x8	0.0834207	46.592
DIST_SAD_8x4	0.154986	1388.19
INTERPOL_HALF_8x4	0.0578288	46.592
DIST_HAD_8x4	0.137911	908.544
INTERPOL_QUARTER_8x4	0.0866508	46.592
TR_iDCT_4x4	0.00178503	6.55
TR_iDCT_32x32	0.0209094	1.921
TR_iDCT_16x16	0.00997835	5.134
DIST_HAD_16x64	0.000816692	0.32
DIST_HAD_48x64	0.00222655	0.32
TR_iDCT_8x8	0.00434037	7.833
DIST_SAD_8x32	0.00649166	35.36
DIST_SAD_8x32sub	0.00720132	42.539
INTERPOL_HALF_8x32	0.00410686	0.832
DIST_HAD_8x32	0.011037	15.88
INTERPOL_QUARTER_8x32	0.00863953	0.832
DIST_SAD_24x32	0.014762	35.36
DIST_SAD_24x32sub	0.0107797	28.038
INTERPOL_HALF_24x32	0.0102477	0.832
DIST_HAD_24x32	0.0293856	15.88
INTERPOL_QUARTER_24x32	0.0230717	0.832
DIST_HAD_16x4	0.0030036	12.32
DIST_HAD_16x12	0.00619724	12.32
DIST_HAD_4x16	0.00463031	17.83
DIST_HAD_12x16	0.0091403	17.83
DIST_SAD_16x4	0.00776113	46.152
INTERPOL_HALF_16x4	0.00118447	0.592
INTERPOL_QUARTER_16x4	0.00202448	0.592
DIST_SAD_16x12	0.00581368	25.16
DIST_SAD_16x12sub	0.00300249	14.824
INTERPOL_HALF_16x12	0.00235565	0.592
INTERPOL_QUARTER_16x12	0.00471583	0.592
DIST_SAD_4x16	0.00638856	38.08
DIST_SAD_4x16sub	0.00494796	43.531
INTERPOL_HALF_4x16	0.00167728	0.896
INTERPOL_QUARTER_4x16	0.00298684	0.896
DIST_SAD_12x16	0.00941405	38.08
DIST_SAD_12x16sub	0.00798693	37.143
INTERPOL_HALF_12x16	0.00355828	0.896
INTERPOL_QUARTER_12x16	0.00715161	0.896
DIST_HAD_64x16	0.000405951	0.16
DIST_HAD_64x48	0.00111938	0.16
DIST_SAD_32x8	0.0102045	29.888
INTERPOL_HALF_32x8	0.00202796	0.384
DIST_HAD_32x8	0.00573996	7.59
INTERPOL_QUARTER_32x8	0.00400143	0.384
DIST_SAD_32x24	0.00768591	16.32
DIST_SAD_32x24sub	0.0037201	9.026
INTERPOL_HALF_32x24	0.00478119	0.384
DIST_HAD_32x24	0.0146974	7.59
INTERPOL_QUARTER_32x24	0.0106936	0.384
TR_DST_4x4	0.000924964	2.784
TR_iDST_4x4	0.000159046	0.504
DIST_HAD_4x4	0.00172689	7.7

Frame	8
Others	11.3497	20047.3
TR_DCT_32x32	0.0610554	7.365
DIST_SSE_32x32	0.0328769	17.583
TR_DCT_16x16	0.0664745	48.536
DIST_SSE_16x16	0.0373505	88.129
TR_DCT_8x8	0.0570881	191.222
DIST_SSE_8x8	0.0338976	304.63
TR_iDCT_32x32	0.0531635	4.973
DIST_SSE_64x64	0.01025	1.188
DIST_SAD_64x64	0.0438389	30.94
DIST_SAD_64x64sub	0.0338941	24.525
INTERPOL_HALF_64x64	0.0430306	0.728
DIST_HAD_64x64	0.131868	14.854
INTERPOL_QUARTER_64x64	0.0974515	0.728
DIST_SAD_32x64	0.0450373	61.88
DIST_SAD_32x64sub	0.026108	36.825
INTERPOL_HALF_32x64	0.0437086	1.456
DIST_HAD_32x64	0.124692	27.3
INTERPOL_QUARTER_32x64	0.0990303	1.456
DIST_SAD_64x32	0.0471219	61.88
DIST_SAD_64x32sub	0.0294254	40.325
INTERPOL_HALF_64x32	0.0449104	1.456
DIST_HAD_64x32	0.12253	27.3
INTERPOL_QUARTER_64x32	0.100177	1.456
TR_DCT_4x4	0.089082	625.396
DIST_SSE_4x4	0.108546	1420.94
DIST_SAD_32x32	0.0514374	123.76
DIST_SAD_32x32sub	0.042608	105.619
INTERPOL_HALF_32x32	0.0463047	2.912
DIST_HAD_32x32	0.133951	57.456
INTERPOL_QUARTER_32x32	0.102147	2.912
DIST_SAD_16x32	0.0646801	247.52
DIST_SAD_16x32sub	0.0350525	144.594
INTERPOL_HALF_16x32	0.0498508	5.824
DIST_HAD_16x32	0.134521	109.2
INTERPOL_QUARTER_16x32	0.107338	5.824
DIST_SAD_32x16	0.0660318	247.52
DIST_SAD_32x16sub	0.0356482	143.966
INTERPOL_HALF_32x16	0.050667	5.824
DIST_HAD_32x16	0.134707	109.2
INTERPOL_QUARTER_32x16	0.10727	5.824
DIST_SAD_16x16	0.0960579	494.932
DIST_SAD_16x16sub	0.0630729	369.911
INTERPOL_HALF_16x16	0.0566546	11.648
DIST_HAD_16x16	0.151313	221.004
INTERPOL_QUARTER_16x16	0.114245	11.648
DIST_SAD_8x16	0.0941363	989.918
DIST_SAD_8x16sub	0.0488861	476.115
INTERPOL_HALF_8x16	0.0648151	23.296
DIST_HAD_8x16	0.155985	436.8
INTERPOL_QUARTER_8x16	0.125434	23.296
DIST_SAD_16x8	0.212971	1428.96
INTERPOL_HALF_16x8	0.0669683	23.296
DIST_HAD_16x8	0.15784	436.8
INTERPOL_QUARTER_16x8	0.125959	23.296
DIST_SAD_8x8	0.341392	3054.93
INTERPOL_HALF_8x8	0.0820921	46.592
DIST_HAD_8x8	0.195222	859.131
INTERPOL_QUARTER_8x8	0.140896	46.592
DIST_SAD_4x8	0.172754	1572.62
INTERPOL_HALF_4x8	0.0548371	46.592
DIST_HAD_4x8	0.136533	908.544
INTERPOL_QUARTER_4x8	0.0846274	46.592
DIST_SAD_8x4	0.17579	1506.96
INTERPOL_HALF_8x4	0.0588345	46.592
DIST_HAD_8x4	0.143391	908.544
INTERPOL_QUARTER_8x4	0.0879618	46.592
TR_iDCT_16x16	0.0373239	19.058
DIST_HAD_64x16	0.000926845	0.38
DIST_HAD_64x48	0.00261393	0.38
DIST_HAD_16x64	0.00133766	0.52
DIST_HAD_48x64	0.0036252	0.52
DIST_HAD_32x8	0.0120729	18.16
DIST_HAD_32x24	0.0337334	18.16
DIST_HAD_8x32	0.0194305	28.07
DIST_HAD_24x32	0.0521352	28.07
TR_iDCT_8x8	0.0233931	43.085
TR_iDCT_4x4	0.0134655	46.694
DIST_SAD_32x8	0.0204818	73.797
INTERPOL_HALF_32x8	0.00482508	0.928
INTERPOL_QUARTER_32x8	0.00953042	0.928
DIST_SAD_32x24	0.0166204	39.44
DIST_SAD_32x24sub	0.00876554	22.56
INTERPOL_HALF_32x24	0.0114664	0.928
INTERPOL_QUARTER_32x24	0.0253967	0.928
DIST_SAD_8x32	0.0125175	61.844
DIST_SAD_8x32sub	0.00960818	55.018
INTERPOL_HALF_8x32	0.00724601	1.456
INTERPOL_QUARTER_8x32	0.0150654	1.456
DIST_SAD_24x32	0.0274965	61.88
DIST_SAD_24x32sub	0.0176658	44.37
INTERPOL_HALF_24x32	0.0179185	1.456
INTERPOL_QUARTER_24x32	0.0400013	1.456
DIST_SAD_16x4	0.0276733	161.925
INTERPOL_HALF_16x4	0.00423332	2.112
DIST_HAD_16x4	0.0115126	42.62
INTERPOL_QUARTER_16x4	0.00714755	2.112
DIST_SAD_16x12	0.0225233	89.706
DIST_SAD_16x12sub	0.0108487	49.473
INTERPOL_HALF_16x12	0.00846241	2.112
DIST_HAD_16x12	0.0234402	42.62
INTERPOL_QUARTER_16x12	0.0168923	2.112
DIST_SAD_4x16	0.0183694	114.186
DIST_SAD_4x16sub	0.0135781	113.697
INTERPOL_HALF_4x16	0.00502208	2.688
DIST_HAD_4x16	0.0155505	53.25
INTERPOL_QUARTER_4x16	0.0088276	2.688
DIST_SAD_12x16	0.0308746	114.186
DIST_SAD_12x16sub	0.0176177	75.271
INTERPOL_HALF_12x16	0.0107605	2.688
DIST_HAD_12x16	0.030085	53.25
INTERPOL_QUARTER_12x16	0.0215429	2.688
TR_DST_4x4	0.0100084	29.494
TR_iDST_4x4	0.0037424	12.761
DIST_HAD_4x4	0.0184717	81.9

Frame	9
Others	9.22652	17688
TR_DCT_32x32	0.0380636	4.585
DIST_SSE_32x32	0.0203523	10.862
TR_DCT_16x16	0.044164	32.213
DIST_SSE_16x16	0.0233272	54.755
TR_DCT_8x8	0.0393238	130.129
DIST_SSE_8x8	0.0225482	206.99
DIST_SSE_64x64	0.00806456	0.934
DIST_SAD_64x64	0.0438264	30.94
DIST_SAD_64x64sub	0.0320516	23.048
INTERPOL_HALF_64x64	0.0430701	0.728
DIST_HAD_64x64	0.123197	13.874
INTERPOL_QUARTER_64x64	0.0970448	0.728
DIST_SAD_32x64	0.04499	61.88
DIST_SAD_32x64sub	0.0222076	31.432
INTERPOL_HALF_32x64	0.043644	1.456
DIST_HAD_32x64	0.124655	27.3
INTERPOL_QUARTER_32x64	0.0977891	1.456
DIST_SAD_64x32	0.0478137	61.88
DIST_SAD_64x32sub	0.0301984	40.079
INTERPOL_HALF_64x32	0.0454175	1.456
DIST_HAD_64x32	0.124282	27.3
INTERPOL_QUARTER_64x32	0.100785	1.456
TR_DCT_4x4	0.0647644	464.98
DIST_SSE_4x4	0.0694545	1029.04
DIST_SAD_32x32	0.0511542	123.76
DIST_SAD_32x32sub	0.0409259	103.685
INTERPOL_HALF_32x32	0.0460602	2.912
DIST_HAD_32x32	0.124136	53.326
INTERPOL_QUARTER_32x32	0.100922	2.912
DIST_SAD_16x32	0.064078	247.484
DIST_SAD_16x32sub	0.0326873	136.842
INTERPOL_HALF_16x32	0.0494732	5.824
DIST_HAD_16x32	0.133939	109.2
INTERPOL_QUARTER_16x32	0.105915	5.824
DIST_SAD_32x16	0.0654008	247.52
DIST_SAD_32x16sub	0.0331628	138.881
INTERPOL_HALF_32x16	0.0503559	5.824
DIST_HAD_32x16	0.133737	109.2
INTERPOL_QUARTER_32x16	0.105818	5.824
DIST_SAD_16x16	0.0946346	494.896
DIST_SAD_16x16sub	0.055909	340.473
INTERPOL_HALF_16x16	0.0561581	11.648
DIST_HAD_16x16	0.142251	210.224
INTERPOL_QUARTER_16x16	0.112764	11.648
DIST_SAD_8x16	0.0909097	989.819
DIST_SAD_8x16sub	0.0430727	436.808
INTERPOL_HALF_8x16	0.0648399	23.296
DIST_HAD_8x16	0.154214	436.8
INTERPOL_QUARTER_8x16	0.12471	23.296
DIST_SAD_16x8	0.202711	1382.9
INTERPOL_HALF_16x8	0.0674482	23.296
DIST_HAD_16x8	0.157674	436.8
INTERPOL_QUARTER_16x8	0.12588	23.296
DIST_SAD_8x8	0.309471	2907.65
INTERPOL_HALF_8x8	0.0810957	46.592
DIST_HAD_8x8	0.185263	839.461
INTERPOL_QUARTER_8x8	0.139653	46.592
DIST_SAD_4x8	0.1546	1500.3
INTERPOL_HALF_4x8	0.0539894	46.592
DIST_HAD_4x8	0.132652	908.544
INTERPOL_QUARTER_4x8	0.0837361	46.592
DIST_SAD_8x4	0.159199	1442.29
INTERPOL_HALF_8x4	0.0576263	46.592
DIST_HAD_8x4	0.13721	908.544
INTERPOL_QUARTER_8x4	0.0868403	46.592
TR_iDCT_32x32	0.0160773	1.478
TR_iDCT_16x16	0.00770401	3.951
DIST_HAD_16x64	0.000684488	0.26
DIST_HAD_48x64	0.00187199	0.26
TR_iDCT_8x8	0.00322315	6.017
TR_iDCT_4x4	0.00142853	4.968
DIST_HAD_32x8	0.00410681	6.12
DIST_HAD_32x24	0.0113726	6.12
DIST_HAD_8x32	0.00796533	11.44
DIST_HAD_24x32	0.0211117	11.44
DIST_HAD_16x4	0.00221317	9.33
DIST_HAD_16x12	0.004664	9.33
DIST_HAD_4x16	0.00404376	16.75
DIST_HAD_12x16	0.00840299	16.75
DIST_SAD_4x16	0.00485069	36.004
DIST_SAD_4x16sub	0.0043696	45.041
INTERPOL_HALF_4x16	0.00155596	0.848
INTERPOL_QUARTER_4x16	0.00278686	0.848
DIST_SAD_12x16	0.00821826	36.04
DIST_SAD_12x16sub	0.00625569	32.364
INTERPOL_HALF_12x16	0.00333388	0.848
INTERPOL_QUARTER_12x16	0.00680704	0.848
TR_DST_4x4	0.000368413	1.199
TR_iDST_4x4	8.36318e-05	0.288
DIST_SAD_32x8	0.00843092	27.98
INTERPOL_HALF_32x8	0.0015833	0.304
INTERPOL_QUARTER_32x8	0.00316634	0.304
DIST_SAD_32x24	0.00579094	12.92
DIST_SAD_32x24sub	0.00438117	10.974
INTERPOL_HALF_32x24	0.00379615	0.304
INTERPOL_QUARTER_32x24	0.00857355	0.304
DIST_SAD_8x32	0.00572084	25.124
DIST_SAD_8x32sub	0.00630945	32.974
INTERPOL_HALF_8x32	0.00294283	0.592
INTERPOL_QUARTER_8x32	0.00616866	0.592
DIST_SAD_24x32	0.0115653	25.16
DIST_SAD_24x32sub	0.00992463	24.224
INTERPOL_HALF_24x32	0.00729709	0.592
INTERPOL_QUARTER_24x32	0.0165346	0.592
DIST_SAD_16x4	0.00766443	39.968
INTERPOL_HALF_16x4	0.000909678	0.448
INTERPOL_QUARTER_16x4	0.00153594	0.448
DIST_SAD_16x12	0.0047334	19.031
DIST_SAD_16x12sub	0.00257294	12.294
INTERPOL_HALF_16x12	0.00177692	0.448
INTERPOL_QUARTER_16x12	0.00357547	0.448
DIST_HAD_64x16	0.000239278	0.09
DIST_HAD_64x48	0.000637636	0.09
DIST_HAD_4x4	0.000638778	3.22

Frame	10
Others	9.6448	18412
TR_DCT_32x32	0.0421663	5.079
DIST_SSE_32x32	0.022522	11.987
TR_DCT_16x16	0.0477383	34.877
DIST_SSE_16x16	0.0254191	59.784
TR_DCT_8x8	0.0417031	139.563
DIST_SSE_8x8	0.0239609	221.069
DIST_SSE_64x64	0.00845722	0.975
DIST_SAD_64x64	0.0442032	30.94
DIST_SAD_64x64sub	0.0383642	26.829
INTERPOL_HALF_64x64	0.0435005	0.728
DIST_HAD_64x64	0.127173	14.154
INTERPOL_QUARTER_64x64	0.0985607	0.728
DIST_SAD_32x64	0.0454289	61.88
DIST_SAD_32x64sub	0.0265528	37.469
INTERPOL_HALF_32x64	0.0440094	1.456
DIST_HAD_32x64	0.125766	27.3
INTERPOL_QUARTER_32x64	0.0990257	1.456
DIST_SAD_64x32	0.0472255	61.844
DIST_SAD_64x32sub	0.0254521	34.849
INTERPOL_HALF_64x32	0.0450925	1.456
DIST_HAD_64x32	0.122992	27.3
INTERPOL_QUARTER_64x32	0.100194	1.456
TR_DCT_4x4	0.0690468	488.452
DIST_SSE_4x4	0.0731796	1082.9
DIST_SAD_32x32	0.0515115	123.76
DIST_SAD_32x32sub	0.0450361	113.667
INTERPOL_HALF_32x32	0.0463706	2.912
DIST_HAD_32x32	0.126279	53.991
INTERPOL_QUARTER_32x32	0.101728	2.912
DIST_SAD_16x32	0.0646448	247.52
DIST_SAD_16x32sub	0.0349656	145.024
INTERPOL_HALF_16x32	0.0498887	5.824
DIST_HAD_16x32	0.134773	109.2
INTERPOL_QUARTER_16x32	0.106695	5.824
DIST_SAD_32x16	0.0661989	247.52
DIST_SAD_32x16sub	0.0340624	139.539
INTERPOL_HALF_32x16	0.0509316	5.824
DIST_HAD_32x16	0.135276	109.2
INTERPOL_QUARTER_32x16	0.107026	5.824
DIST_SAD_16x16	0.0948684	494.86
DIST_SAD_16x16sub	0.0659013	404.788
INTERPOL_HALF_16x16	0.0564793	11.648
DIST_HAD_16x16	0.143111	211.379
INTERPOL_QUARTER_16x16	0.113179	11.648
DIST_SAD_8x16	0.0923307	989.608
DIST_SAD_8x16sub	0.0440184	443.487
INTERPOL_HALF_8x16	0.0653728	23.296
DIST_HAD_8x16	0.155711	436.8
INTERPOL_QUARTER_8x16	0.125468	23.296
DIST_SAD_16x8	0.21104	1426
INTERPOL_HALF_16x8	0.0682981	23.296
DIST_HAD_16x8	0.15958	436.8
INTERPOL_QUARTER_16x8	0.12701	23.296
DIST_SAD_8x8	0.322524	3007.84
INTERPOL_HALF_8x8	0.0816906	46.592
DIST_HAD_8x8	0.186395	841.001
INTERPOL_QUARTER_8x8	0.14054	46.592
DIST_SAD_4x8	0.159083	1540.28
INTERPOL_HALF_4x8	0.0544361	46.592
DIST_HAD_4x8	0.13246	908.544
INTERPOL_QUARTER_4x8	0.0842201	46.592
DIST_SAD_8x4	0.166311	1502.4
INTERPOL_HALF_8x4	0.058105	46.592
DIST_HAD_8x4	0.13727	908.544
INTERPOL_QUARTER_8x4	0.0874357	46.592
TR_iDCT_32x32	0.0226939	2.094
TR_iDCT_16x16	0.0116197	5.966
DIST_HAD_16x64	0.000765629	0.3
DIST_HAD_48x64	0.00209552	0.3
TR_iDCT_8x8	0.00551877	10.315
TR_iDCT_4x4	0.00259575	9.145
DIST_HAD_32x8	0.00553219	8.23
DIST_HAD_32x24	0.0151981	8.23
DIST_HAD_8x32	0.0113931	16.48
DIST_HAD_24x32	0.030166	16.48
DIST_HAD_16x4	0.00417854	17.88
DIST_HAD_16x12	0.0088287	17.88
DIST_HAD_4x16	0.00604638	24.95
DIST_HAD_12x16	0.0123896	24.95
TR_DST_4x4	0.000997113	3.509
TR_iDST_4x4	0.00019854	0.705
DIST_HAD_4x4	0.00137345	9.38
DIST_SAD_32x8	0.0125192	43.146
INTERPOL_HALF_32x8	0.00216509	0.416
INTERPOL_QUARTER_32x8	0.00432906	0.416
DIST_SAD_32x24	0.00760857	17.68
DIST_SAD_32x24sub	0.005108	13.331
INTERPOL_HALF_32x24	0.00514747	0.416
INTERPOL_QUARTER_32x24	0.0117067	0.416
DIST_SAD_16x4	0.0121447	72.634
INTERPOL_HALF_16x4	0.00172936	0.88
INTERPOL_QUARTER_16x4	0.00296255	0.88
DIST_SAD_16x12	0.00874821	37.292
DIST_SAD_16x12sub	0.004235	21.746
INTERPOL_HALF_16x12	0.00346038	0.88
INTERPOL_QUARTER_16x12	0.00696251	0.88
DIST_SAD_4x16	0.00840759	53.428
DIST_SAD_4x16sub	0.005819	55.45
INTERPOL_HALF_4x16	0.00234322	1.264
INTERPOL_QUARTER_4x16	0.00418434	1.264
DIST_SAD_12x16	0.0132584	53.648
DIST_SAD_12x16sub	0.00832223	39.698
INTERPOL_HALF_12x16	0.00497771	1.264
INTERPOL_QUARTER_12x16	0.010099	1.264
DIST_HAD_64x16	0.000334248	0.13
DIST_HAD_64x48	0.000912921	0.13
DIST_SAD_8x32	0.00856679	36.684
DIST_SAD_8x32sub	0.0113851	61.901
INTERPOL_HALF_8x32	0.004316	0.864
INTERPOL_QUARTER_8x32	0.00910466	0.864
DIST_SAD_24x32	0.0170351	36.72
DIST_SAD_24x32sub	0.0149476	36.467
INTERPOL_HALF_24x32	0.0105861	0.864
INTERPOL_QUARTER_24x32	0.0240426	0.864

Frame	11
Others	9.54884	18448.6
TR_DCT_32x32	0.0401072	4.849
DIST_SSE_32x32	0.0214821	11.488
TR_DCT_16x16	0.0462978	33.956
DIST_SSE_16x16	0.0245701	57.836
TR_DCT_8x8	0.0403055	135.396
DIST_SSE_8x8	0.0230246	214.742
DIST_SSE_64x64	0.0083466	0.969
DIST_SAD_64x64	0.0437781	30.94
DIST_SAD_64x64sub	0.0385169	27.933
INTERPOL_HALF_64x64	0.0430687	0.728
DIST_HAD_64x64	0.123537	13.909
INTERPOL_QUARTER_64x64	0.0971528	0.728
DIST_SAD_32x64	0.0449921	61.88
DIST_SAD_32x64sub	0.0269378	38.084
INTERPOL_HALF_32x64	0.0436742	1.456
DIST_HAD_32x64	0.124636	27.3
INTERPOL_QUARTER_32x64	0.0982341	1.456
DIST_SAD_64x32	0.0471313	61.88
DIST_SAD_64x32sub	0.0352579	48.333
INTERPOL_HALF_64x32	0.0449794	1.456
DIST_HAD_64x32	0.122485	27.3
INTERPOL_QUARTER_64x32	0.0997849	1.456
TR_DCT_4x4	0.0663523	477.32
DIST_SSE_4x4	0.0714736	1057.02
DIST_SAD_32x32	0.0509651	123.697
DIST_SAD_32x32sub	0.0484484	122.727
INTERPOL_HALF_32x32	0.04611	2.912
DIST_HAD_32x32	0.124775	53.676
INTERPOL_QUARTER_32x32	0.101093	2.912
DIST_SAD_16x32	0.064107	247.394
DIST_SAD_16x32sub	0.0365085	152.826
INTERPOL_HALF_16x32	0.0494616	5.824
DIST_HAD_16x32	0.133774	109.2
INTERPOL_QUARTER_16x32	0.106027	5.824
DIST_SAD_32x16	0.0652803	247.385
DIST_SAD_32x16sub	0.0326421	135.962
INTERPOL_HALF_32x16	0.0504068	5.824
DIST_HAD_32x16	0.133655	109.2
INTERPOL_QUARTER_32x16	0.105826	5.824
DIST_SAD_16x16	0.0943116	494.683
DIST_SAD_16x16sub	0.0684768	421.386
INTERPOL_HALF_16x16	0.0561626	11.648
DIST_HAD_16x16	0.142225	210.819
INTERPOL_QUARTER_16x16	0.112446	11.648
DIST_SAD_8x16	0.0917514	989.3
DIST_SAD_8x16sub	0.046555	472.826
INTERPOL_HALF_8x16	0.06514	23.296
DIST_HAD_8x16	0.154554	436.8
INTERPOL_QUARTER_8x16	0.124584	23.296
DIST_SAD_16x8	0.215912	1455.12
INTERPOL_HALF_16x8	0.0686814	23.296
DIST_HAD_16x8	0.159065	436.8
INTERPOL_QUARTER_16x8	0.126917	23.296
DIST_SAD_8x8	0.331007	3081.39
INTERPOL_HALF_8x8	0.0816054	46.592
DIST_HAD_8x8	0.186431	839.986
INTERPOL_QUARTER_8x8	0.139487	46.592
DIST_SAD_4x8	0.163829	1583.81
INTERPOL_HALF_4x8	0.0543598	46.592
DIST_HAD_4x8	0.132483	908.544
INTERPOL_QUARTER_4x8	0.0835797	46.592
DIST_SAD_8x4	0.169489	1527.6
INTERPOL_HALF_8x4	0.0581354	46.592
DIST_HAD_8x4	0.136375	908.544
INTERPOL_QUARTER_8x4	0.0866004	46.592
TR_iDCT_32x32	0.0187519	1.731
TR_iDCT_16x16	0.00969241	5.001
TR_iDCT_8x8	0.0043458	8.119
DIST_HAD_16x64	0.000688896	0.27
DIST_HAD_48x64	0.00188291	0.27
DIST_SAD_8x32	0.00604585	33.856
DIST_SAD_8x32sub	0.0094856	58.22
INTERPOL_HALF_8x32	0.00393633	0.8
DIST_HAD_8x32	0.0105241	15.32
INTERPOL_QUARTER_8x32	0.00836631	0.8
DIST_SAD_24x32	0.013788	33.865
DIST_SAD_24x32sub	0.0124513	32.752
INTERPOL_HALF_24x32	0.00975464	0.8
DIST_HAD_24x32	0.0281003	15.32
INTERPOL_QUARTER_24x32	0.0221923	0.8
TR_iDCT_4x4	0.00203865	6.758
DIST_HAD_16x4	0.00273157	11.14
DIST_HAD_16x12	0.0056138	11.14
DIST_HAD_4x16	0.00466113	18.2
DIST_HAD_12x16	0.00942391	18.2
TR_DST_4x4	0.000609879	2.11
TR_iDST_4x4	0.000162045	0.6
DIST_SAD_16x4	0.00793959	47.669
INTERPOL_HALF_16x4	0.00104923	0.528
INTERPOL_QUARTER_16x4	0.00179892	0.528
DIST_SAD_16x12	0.00528289	22.368
DIST_SAD_16x12sub	0.00281161	14.029
INTERPOL_HALF_16x12	0.00209783	0.528
INTERPOL_QUARTER_16x12	0.0042317	0.528
DIST_SAD_4x16	0.00620542	38.409
DIST_SAD_4x16sub	0.00612296	53.603
INTERPOL_HALF_4x16	0.00169686	0.912
INTERPOL_QUARTER_4x16	0.00302912	0.912
DIST_SAD_12x16	0.00971096	38.283
DIST_SAD_12x16sub	0.0080061	36.782
INTERPOL_HALF_12x16	0.00362726	0.912
INTERPOL_QUARTER_12x16	0.00730311	0.912
DIST_HAD_4x4	0.000759847	5.32
DIST_SAD_32x8	0.0116483	35.632
INTERPOL_HALF_32x8	0.00184838	0.352
DIST_HAD_32x8	0.00531759	7.1
INTERPOL_QUARTER_32x8	0.00367491	0.352
DIST_SAD_32x24	0.00673875	14.96
DIST_SAD_32x24sub	0.00448414	10.598
INTERPOL_HALF_32x24	0.00437656	0.352
DIST_HAD_32x24	0.0136124	7.1
INTERPOL_QUARTER_32x24	0.00987599	0.352
DIST_HAD_64x16	0.000385866	0.15
DIST_HAD_64x48	0.00104861	0.15

Frame	12
Others	12.6009	21661.6
TR_DCT_32x32	0.0662503	7.917
DIST_SSE_32x32	0.035515	18.953
TR_DCT_16x16	0.070541	51.317
DIST_SSE_16x16	0.0395943	93.106
TR_DCT_8x8	0.0602668	201.452
DIST_SSE_8x8	0.0364394	318.366
TR_iDCT_32x32	0.0622221	5.75
DIST_SSE_64x64	0.0107212	1.238
DIST_SAD_64x64	0.0441139	30.94
DIST_SAD_64x64sub	0.0515731	37.266
INTERPOL_HALF_64x64	0.0431827	0.728
DIST_HAD_64x64	0.134159	15.064
INTERPOL_QUARTER_64x64	0.0980801	0.728
DIST_SAD_32x64	0.0453036	61.88
DIST_SAD_32x64sub	0.0382834	53.075
INTERPOL_HALF_32x64	0.0438988	1.456
DIST_HAD_32x64	0.125218	27.3
INTERPOL_QUARTER_32x64	0.0995526	1.456
DIST_SAD_64x32	0.0471889	61.844
DIST_SAD_64x32sub	0.0377854	51.691
INTERPOL_HALF_64x32	0.0449433	1.456
DIST_HAD_64x32	0.122693	27.3
INTERPOL_QUARTER_64x32	0.100621	1.456
TR_DCT_4x4	0.094305	650.268
DIST_SSE_4x4	0.115856	1475.95
DIST_SAD_32x32	0.0519966	123.76
DIST_SAD_32x32sub	0.0571451	141.653
INTERPOL_HALF_32x32	0.046709	2.912
DIST_HAD_32x32	0.136933	58.261
INTERPOL_QUARTER_32x32	0.103	2.912
DIST_SAD_16x32	0.0656879	247.52
DIST_SAD_16x32sub	0.0475506	190.087
INTERPOL_HALF_16x32	0.05063	5.824
DIST_HAD_16x32	0.136025	109.2
INTERPOL_QUARTER_16x32	0.108755	5.824
DIST_SAD_32x16	0.0666677	247.52
DIST_SAD_32x16sub	0.0459255	184.45
INTERPOL_HALF_32x16	0.0510488	5.824
DIST_HAD_32x16	0.135804	109.2
INTERPOL_QUARTER_32x16	0.108019	5.824
DIST_SAD_16x16	0.0963507	494.95
DIST_SAD_16x16sub	0.0884532	517.632
INTERPOL_HALF_16x16	0.0568548	11.648
DIST_HAD_16x16	0.152686	222.404
INTERPOL_QUARTER_16x16	0.11458	11.648
DIST_SAD_8x16	0.0942632	989.648
DIST_SAD_8x16sub	0.0540675	537.133
INTERPOL_HALF_8x16	0.0649736	23.296
DIST_HAD_8x16	0.156219	436.8
INTERPOL_QUARTER_8x16	0.1258	23.296
DIST_SAD_16x8	0.232007	1542.26
INTERPOL_HALF_16x8	0.06749	23.296
DIST_HAD_16x8	0.158634	436.8
INTERPOL_QUARTER_16x8	0.126675	23.296
DIST_SAD_8x8	0.38438	3375.47
INTERPOL_HALF_8x8	0.0827033	46.592
DIST_HAD_8x8	0.19718	861.301
INTERPOL_QUARTER_8x8	0.14138	46.592
DIST_SAD_4x8	0.19476	1760.79
INTERPOL_HALF_4x8	0.0552807	46.592
DIST_HAD_4x8	0.136917	908.544
INTERPOL_QUARTER_4x8	0.0849954	46.592
DIST_SAD_8x4	0.197786	1672.87
INTERPOL_HALF_8x4	0.059225	46.592
DIST_HAD_8x4	0.144939	908.544
INTERPOL_QUARTER_8x4	0.0882017	46.592
TR_iDCT_16x16	0.0413978	20.857
DIST_HAD_64x16	0.00100459	0.41
DIST_HAD_64x48	0.00282627	0.41
DIST_HAD_16x64	0.00146375	0.56
DIST_HAD_48x64	0.00392169	0.56
DIST_SAD_32x8	0.031722	116.935
INTERPOL_HALF_32x8	0.00680321	1.296
DIST_HAD_32x8	0.0172226	25.15
INTERPOL_QUARTER_32x8	0.0134166	1.296
DIST_SAD_32x24	0.0229359	55.08
DIST_SAD_32x24sub	0.0136742	34.102
INTERPOL_HALF_32x24	0.0162207	1.296
DIST_HAD_32x24	0.0476126	25.15
INTERPOL_QUARTER_32x24	0.0358249	1.296
DIST_SAD_8x32	0.0131307	67.248
DIST_SAD_8x32sub	0.0166313	95.971
INTERPOL_HALF_8x32	0.0078956	1.584
DIST_HAD_8x32	0.0217851	30.49
INTERPOL_QUARTER_8x32	0.0165041	1.584
DIST_SAD_24x32	0.0299439	67.32
DIST_SAD_24x32sub	0.0197693	49.013
INTERPOL_HALF_24x32	0.0196381	1.584
DIST_HAD_24x32	0.0575109	30.49
INTERPOL_QUARTER_24x32	0.0437162	1.584
DIST_SAD_16x4	0.0361553	216.814
INTERPOL_HALF_16x4	0.00482833	2.384
DIST_HAD_16x4	0.0127747	48.15
INTERPOL_QUARTER_16x4	0.00812913	2.384
DIST_SAD_16x12	0.0255002	101.185
DIST_SAD_16x12sub	0.0145501	64.725
INTERPOL_HALF_16x12	0.00964944	2.384
DIST_HAD_16x12	0.0265063	48.15
INTERPOL_QUARTER_16x12	0.01929	2.384
DIST_SAD_4x16	0.0204832	126.719
DIST_SAD_4x16sub	0.0184243	141.156
INTERPOL_HALF_4x16	0.00562974	2.992
DIST_HAD_4x16	0.0170313	59.2
INTERPOL_QUARTER_4x16	0.00996987	2.992
DIST_SAD_12x16	0.0347833	126.854
DIST_SAD_12x16sub	0.0194543	80.832
INTERPOL_HALF_12x16	0.0120985	2.992
DIST_HAD_12x16	0.0341462	59.2
INTERPOL_QUARTER_12x16	0.0240466	2.992
TR_iDCT_8x8	0.0286277	46.861
TR_iDCT_4x4	0.0176326	51.36
TR_DST_4x4	0.0109988	32.641
TR_iDST_4x4	0.00402996	14.487
DIST_HAD_4x4	0.0204072	90.58

Frame	13
Others	9.73549	18739.2
TR_DCT_32x32	0.0388501	4.703
DIST_SSE_32x32	0.0206809	11.072
TR_DCT_16x16	0.0449665	32.924
DIST_SSE_16x16	0.0236568	55.593
TR_DCT_8x8	0.039138	130.425
DIST_SSE_8x8	0.0224661	206.993
DIST_SSE_64x64	0.00825684	0.958
DIST_SAD_64x64	0.0437702	30.94
DIST_SAD_64x64sub	0.0520163	37.72
INTERPOL_HALF_64x64	0.0430352	0.728
DIST_HAD_64x64	0.124094	13.979
INTERPOL_QUARTER_64x64	0.0972506	0.728
DIST_SAD_32x64	0.0449799	61.88
DIST_SAD_32x64sub	0.0355655	50.252
INTERPOL_HALF_32x64	0.0437128	1.456
DIST_HAD_32x64	0.12461	27.3
INTERPOL_QUARTER_32x64	0.0979462	1.456
DIST_SAD_64x32	0.0470715	61.862
DIST_SAD_64x32sub	0.0359444	49.379
INTERPOL_HALF_64x32	0.0449488	1.456
DIST_HAD_64x32	0.122632	27.3
INTERPOL_QUARTER_64x32	0.0996593	1.456
TR_DCT_4x4	0.0651177	464.18
DIST_SSE_4x4	0.0691373	1026.5
DIST_SAD_32x32	0.0510339	123.742
DIST_SAD_32x32sub	0.0553919	140.272
INTERPOL_HALF_32x32	0.0461161	2.912
DIST_HAD_32x32	0.123538	53.081
INTERPOL_QUARTER_32x32	0.101075	2.912
DIST_SAD_16x32	0.0640305	247.493
DIST_SAD_16x32sub	0.0417809	175.17
INTERPOL_HALF_16x32	0.0494858	5.824
DIST_HAD_16x32	0.133919	109.2
INTERPOL_QUARTER_16x32	0.10594	5.824
DIST_SAD_32x16	0.0653158	247.412
DIST_SAD_32x16sub	0.0394069	164.118
INTERPOL_HALF_32x16	0.0504043	5.824
DIST_HAD_32x16	0.133874	109.2
INTERPOL_QUARTER_32x16	0.105863	5.824
DIST_SAD_16x16	0.0941806	494.581
DIST_SAD_16x16sub	0.0789773	486.463
INTERPOL_HALF_16x16	0.0561033	11.648
DIST_HAD_16x16	0.14197	210.119
INTERPOL_QUARTER_16x16	0.112697	11.648
DIST_SAD_8x16	0.0907067	989.09
DIST_SAD_8x16sub	0.0488922	498.701
INTERPOL_HALF_8x16	0.0647569	23.296
DIST_HAD_8x16	0.153868	436.8
INTERPOL_QUARTER_8x16	0.124718	23.296
DIST_SAD_16x8	0.215559	1477.46
INTERPOL_HALF_16x8	0.0671319	23.296
DIST_HAD_16x8	0.157298	436.8
INTERPOL_QUARTER_16x8	0.125719	23.296
DIST_SAD_8x8	0.337731	3149.89
INTERPOL_HALF_8x8	0.0807865	46.592
DIST_HAD_8x8	0.184662	838.971
INTERPOL_QUARTER_8x8	0.139499	46.592
DIST_SAD_4x8	0.170949	1662.83
INTERPOL_HALF_4x8	0.0538361	46.592
DIST_HAD_4x8	0.132323	908.544
INTERPOL_QUARTER_4x8	0.0837073	46.592
DIST_SAD_8x4	0.173221	1572.2
INTERPOL_HALF_8x4	0.0573731	46.592
DIST_HAD_8x4	0.137263	908.544
INTERPOL_QUARTER_8x4	0.0869141	46.592
TR_iDCT_32x32	0.0166673	1.54
TR_iDCT_8x8	0.00299907	5.59
TR_iDCT_16x16	0.00798947	4.12
DIST_HAD_16x64	0.000664885	0.26
DIST_HAD_48x64	0.00181197	0.26
DIST_SAD_32x8	0.0107001	40.797
INTERPOL_HALF_32x8	0.00157945	0.304
DIST_HAD_32x8	0.00414835	6.12
INTERPOL_QUARTER_32x8	0.00318567	0.304
DIST_SAD_32x24	0.00512567	12.884
DIST_SAD_32x24sub	0.00523136	13.907
INTERPOL_HALF_32x24	0.0037561	0.304
DIST_HAD_32x24	0.0113587	6.12
INTERPOL_QUARTER_32x24	0.00851051	0.304
TR_iDCT_4x4	0.00130224	4.249
DIST_SAD_16x4	0.00356367	24.256
INTERPOL_HALF_16x4	0.000556365	0.288
DIST_HAD_16x4	0.00158732	6.46
INTERPOL_QUARTER_16x4	0.000969206	0.288
DIST_SAD_16x12	0.00254335	12.105
DIST_SAD_16x12sub	0.00182642	9.811
INTERPOL_HALF_16x12	0.00112341	0.288
DIST_HAD_16x12	0.00326653	6.46
INTERPOL_QUARTER_16x12	0.0022956	0.288
DIST_SAD_4x16	0.00677923	45.263
DIST_SAD_4x16sub	0.00517706	51.575
INTERPOL_HALF_4x16	0.00197505	1.072
DIST_HAD_4x16	0.00553071	20.88
INTERPOL_QUARTER_4x16	0.00353431	1.072
DIST_SAD_12x16	0.0105789	45.29
DIST_SAD_12x16sub	0.00860956	42.104
INTERPOL_HALF_12x16	0.0042166	1.072
DIST_HAD_12x16	0.0108264	20.88
INTERPOL_QUARTER_12x16	0.00860094	1.072
DIST_HAD_8x32	0.0102437	13.78
DIST_HAD_24x32	0.0258979	13.78
DIST_SAD_8x32	0.00733112	30.6
DIST_SAD_8x32sub	0.011524	60.211
INTERPOL_HALF_8x32	0.00361002	0.72
INTERPOL_QUARTER_8x32	0.00760359	0.72
DIST_SAD_24x32	0.0140486	30.6
DIST_SAD_24x32sub	0.0124268	30.386
INTERPOL_HALF_24x32	0.00886951	0.72
INTERPOL_QUARTER_24x32	0.0200629	0.72
DIST_HAD_64x16	0.000357345	0.14
DIST_HAD_64x48	0.00097696	0.14
TR_DST_4x4	0.000191915	0.584
TR_iDST_4x4	6.44859e-05	0.207
DIST_HAD_4x4	0.000282674	1.26

Frame	14
Others	9.43606	18200.2
TR_DCT_32x32	0.0432206	5.234
DIST_SSE_32x32	0.0229759	12.315
TR_DCT_16x16	0.0487335	35.742
DIST_SSE_16x16	0.025602	60.418
TR_DCT_8x8	0.0415661	139.21
DIST_SSE_8x8	0.0235499	219.316
DIST_SSE_64x64	0.00876453	1.016
DIST_SAD_64x64	0.0437661	30.94
DIST_SAD_64x64sub	0.0363404	26.304
INTERPOL_HALF_64x64	0.0430426	0.728
DIST_HAD_64x64	0.125863	14.189
INTERPOL_QUARTER_64x64	0.096924	0.728
DIST_SAD_32x64	0.0449407	61.88
DIST_SAD_32x64sub	0.0288721	40.86
INTERPOL_HALF_32x64	0.0436486	1.456
DIST_HAD_32x64	0.124599	27.3
INTERPOL_QUARTER_32x64	0.0982456	1.456
DIST_SAD_64x32	0.0470612	61.88
DIST_SAD_64x32sub	0.0269618	37.036
INTERPOL_HALF_64x32	0.0449494	1.456
DIST_HAD_64x32	0.122538	27.3
INTERPOL_QUARTER_64x32	0.0996942	1.456
TR_DCT_4x4	0.0681832	480.388
DIST_SSE_4x4	0.0725151	1064.37
DIST_SAD_32x32	0.0509564	123.76
DIST_SAD_32x32sub	0.0429832	108.553
INTERPOL_HALF_32x32	0.0460683	2.912
DIST_HAD_32x32	0.124737	53.711
INTERPOL_QUARTER_32x32	0.100936	2.912
DIST_SAD_16x32	0.0639655	247.52
DIST_SAD_16x32sub	0.0344821	144.594
INTERPOL_HALF_16x32	0.0494939	5.824
DIST_HAD_16x32	0.133563	109.2
INTERPOL_QUARTER_16x32	0.105846	5.824
DIST_SAD_32x16	0.0652889	247.484
DIST_SAD_32x16sub	0.0345894	141.526
INTERPOL_HALF_32x16	0.0504126	5.824
DIST_HAD_32x16	0.133526	109.2
INTERPOL_QUARTER_32x16	0.105875	5.824
DIST_SAD_16x16	0.0943873	494.851
DIST_SAD_16x16sub	0.0613535	377.38
INTERPOL_HALF_16x16	0.0561424	11.648
DIST_HAD_16x16	0.141901	210.959
INTERPOL_QUARTER_16x16	0.112485	11.648
DIST_SAD_8x16	0.0920763	989.684
DIST_SAD_8x16sub	0.0415409	417.598
INTERPOL_HALF_8x16	0.0648471	23.296
DIST_HAD_8x16	0.154777	436.8
INTERPOL_QUARTER_8x16	0.124599	23.296
DIST_SAD_16x8	0.207433	1403.63
INTERPOL_HALF_16x8	0.0681721	23.296
DIST_HAD_16x8	0.159551	436.8
INTERPOL_QUARTER_16x8	0.126747	23.296
DIST_SAD_8x8	0.322587	2996.53
INTERPOL_HALF_8x8	0.0812233	46.592
DIST_HAD_8x8	0.186216	840.371
INTERPOL_QUARTER_8x8	0.139701	46.592
DIST_SAD_4x8	0.156666	1508.67
INTERPOL_HALF_4x8	0.054091	46.592
DIST_HAD_4x8	0.134902	908.544
INTERPOL_QUARTER_4x8	0.0839285	46.592
DIST_SAD_8x4	0.164342	1473.75
INTERPOL_HALF_8x4	0.0576365	46.592
DIST_HAD_8x4	0.137703	908.544
INTERPOL_QUARTER_8x4	0.08699	46.592
TR_iDCT_8x8	0.00487227	9.181
TR_iDCT_16x16	0.0114022	5.91
TR_iDCT_32x32	0.023278	2.144
DIST_HAD_16x64	0.000868399	0.34
DIST_HAD_48x64	0.00237788	0.34
DIST_HAD_32x8	0.00608358	8.97
DIST_HAD_32x24	0.0166473	8.97
DIST_HAD_8x32	0.0106516	15.36
DIST_HAD_24x32	0.02828	15.36
TR_iDCT_4x4	0.00213578	7.267
DIST_SAD_8x32	0.00659946	34
DIST_SAD_8x32sub	0.00862146	51.807
INTERPOL_HALF_8x32	0.00395529	0.8
INTERPOL_QUARTER_8x32	0.00828406	0.8
DIST_SAD_24x32	0.0144383	34
DIST_SAD_24x32sub	0.0114568	29.544
INTERPOL_HALF_24x32	0.00982532	0.8
INTERPOL_QUARTER_24x32	0.0220921	0.8
DIST_SAD_16x4	0.0124882	79.254
INTERPOL_HALF_16x4	0.00170342	0.864
DIST_HAD_16x4	0.00436911	17.13
INTERPOL_QUARTER_16x4	0.00290172	0.864
DIST_SAD_16x12	0.00829976	36.72
DIST_SAD_16x12sub	0.00509263	25.398
INTERPOL_HALF_16x12	0.00342384	0.864
DIST_HAD_16x12	0.00872848	17.13
INTERPOL_QUARTER_16x12	0.00682523	0.864
DIST_HAD_4x16	0.00611357	22.8
DIST_HAD_12x16	0.0119027	22.8
TR_DST_4x4	0.000782995	2.602
TR_iDST_4x4	0.000199374	0.747
DIST_HAD_4x4	0.000942268	6.86
DIST_SAD_32x8	0.0156152	48.56
INTERPOL_HALF_32x8	0.00235211	0.448
INTERPOL_QUARTER_32x8	0.00467186	0.448
DIST_SAD_32x24	0.00871231	19.004
DIST_SAD_32x24sub	0.00521078	12.353
INTERPOL_HALF_32x24	0.0055935	0.448
INTERPOL_QUARTER_32x24	0.012367	0.448
DIST_SAD_4x16	0.00857985	49.541
DIST_SAD_4x16sub	0.00545482	47.915
INTERPOL_HALF_4x16	0.00217027	1.168
INTERPOL_QUARTER_4x16	0.00387577	1.168
DIST_SAD_12x16	0.013134	49.568
DIST_SAD_12x16sub	0.00811166	37.264
INTERPOL_HALF_12x16	0.00465051	1.168
INTERPOL_QUARTER_12x16	0.00930987	1.168
DIST_HAD_64x16	0.000539239	0.21
DIST_HAD_64x48	0.00146665	0.21

Frame	15
Others	9.53029	18385.7
TR_DCT_32x32	0.0433405	5.204
DIST_SSE_32x32	0.0229944	12.252
TR_DCT_16x16	0.048817	35.606
DIST_SSE_16x16	0.0254844	60.095
TR_DCT_8x8	0.0412353	138.257
DIST_SSE_8x8	0.0235123	217.813
DIST_SSE_64x64	0.0087721	1.012
DIST_SAD_64x64	0.0442326	30.94
DIST_SAD_64x64sub	0.035725	25.816
INTERPOL_HALF_64x64	0.0432735	0.728
DIST_HAD_64x64	0.126381	14.119
INTERPOL_QUARTER_64x64	0.0975783	0.728
DIST_SAD_32x64	0.0451766	61.88
DIST_SAD_32x64sub	0.0367622	51.61
INTERPOL_HALF_32x64	0.043875	1.456
DIST_HAD_32x64	0.125102	27.3
INTERPOL_QUARTER_32x64	0.0988746	1.456
DIST_SAD_64x32	0.0470298	61.844
DIST_SAD_64x32sub	0.0301213	41.382
INTERPOL_HALF_64x32	0.0449373	1.456
DIST_HAD_64x32	0.12255	27.3
INTERPOL_QUARTER_64x32	0.0999568	1.456
TR_DCT_4x4	0.0684028	480.328
DIST_SSE_4x4	0.0732035	1062.31
DIST_SAD_32x32	0.0510537	123.724
DIST_SAD_32x32sub	0.0462457	116.813
INTERPOL_HALF_32x32	0.0461183	2.912
DIST_HAD_32x32	0.125406	53.886
INTERPOL_QUARTER_32x32	0.10125	2.912
DIST_SAD_16x32	0.0641348	247.439
DIST_SAD_16x32sub	0.0366425	152.818
INTERPOL_HALF_16x32	0.0495543	5.824
DIST_HAD_16x32	0.134053	109.2
INTERPOL_QUARTER_16x32	0.106165	5.824
DIST_SAD_32x16	0.0654866	247.403
DIST_SAD_32x16sub	0.0369242	153.608
INTERPOL_HALF_32x16	0.0505396	5.824
DIST_HAD_32x16	0.134086	109.2
INTERPOL_QUARTER_32x16	0.106247	5.824
DIST_SAD_16x16	0.0946952	494.644
DIST_SAD_16x16sub	0.0669813	401.969
INTERPOL_HALF_16x16	0.0563157	11.648
DIST_HAD_16x16	0.142612	210.609
INTERPOL_QUARTER_16x16	0.112884	11.648
DIST_SAD_8x16	0.091835	989.297
DIST_SAD_8x16sub	0.0452996	455.405
INTERPOL_HALF_8x16	0.0651693	23.296
DIST_HAD_8x16	0.155104	436.8
INTERPOL_QUARTER_8x16	0.12501	23.296
DIST_SAD_16x8	0.209605	1425.16
INTERPOL_HALF_16x8	0.0677329	23.296
DIST_HAD_16x8	0.158119	436.8
INTERPOL_QUARTER_16x8	0.126386	23.296
DIST_SAD_8x8	0.324303	3019.06
INTERPOL_HALF_8x8	0.0813393	46.592
DIST_HAD_8x8	0.186186	839.846
INTERPOL_QUARTER_8x8	0.139946	46.592
DIST_SAD_4x8	0.162812	1567.07
INTERPOL_HALF_4x8	0.0541604	46.592
DIST_HAD_4x8	0.131761	908.544
INTERPOL_QUARTER_4x8	0.0837824	46.592
DIST_SAD_8x4	0.170106	1526.19
INTERPOL_HALF_8x4	0.0578113	46.592
DIST_HAD_8x4	0.13643	908.544
INTERPOL_QUARTER_8x4	0.0869391	46.592
TR_iDCT_16x16	0.0109934	5.639
TR_iDCT_8x8	0.00454916	8.335
TR_iDCT_32x32	0.0233602	2.131
DIST_HAD_64x16	0.000502609	0.2
DIST_HAD_64x48	0.00142911	0.2
DIST_HAD_16x64	0.000860291	0.33
DIST_HAD_48x64	0.00231373	0.33
TR_iDCT_4x4	0.00209397	6.995
DIST_SAD_8x32	0.00611377	33.32
DIST_SAD_8x32sub	0.00854387	51.289
INTERPOL_HALF_8x32	0.00388167	0.784
DIST_HAD_8x32	0.0105384	15.09
INTERPOL_QUARTER_8x32	0.00816577	0.784
DIST_SAD_24x32	0.0143006	33.32
DIST_SAD_24x32sub	0.00964979	24.509
INTERPOL_HALF_24x32	0.0096917	0.784
DIST_HAD_24x32	0.0283116	15.09
INTERPOL_QUARTER_24x32	0.0217959	0.784
DIST_SAD_16x4	0.00729081	48.216
INTERPOL_HALF_16x4	0.00122887	0.624
DIST_HAD_16x4	0.003159	12.87
INTERPOL_QUARTER_16x4	0.0021061	0.624
DIST_SAD_16x12	0.00609797	26.502
DIST_SAD_16x12sub	0.00312701	15.987
INTERPOL_HALF_16x12	0.00246977	0.624
DIST_HAD_16x12	0.00672645	12.87
INTERPOL_QUARTER_16x12	0.00496198	0.624
DIST_SAD_4x16	0.0074633	48.915
DIST_SAD_4x16sub	0.00657684	57.673
INTERPOL_HALF_4x16	0.002147	1.152
DIST_HAD_4x16	0.00617308	22.61
INTERPOL_QUARTER_4x16	0.00382838	1.152
DIST_SAD_12x16	0.0129749	48.888
DIST_SAD_12x16sub	0.00817378	35.891
INTERPOL_HALF_12x16	0.00462805	1.152
DIST_HAD_12x16	0.0126145	22.61
INTERPOL_QUARTER_12x16	0.00915275	1.152
DIST_SAD_32x8	0.0138053	44.756
INTERPOL_HALF_32x8	0.0022699	0.432
DIST_HAD_32x8	0.00623476	8.62
INTERPOL_QUARTER_32x8	0.00451055	0.432
DIST_SAD_32x24	0.0083686	18.351
DIST_SAD_32x24sub	0.00618563	14.97
INTERPOL_HALF_32x24	0.00536759	0.432
DIST_HAD_32x24	0.0166034	8.62
INTERPOL_QUARTER_32x24	0.0120279	0.432
TR_DST_4x4	0.000621722	1.825
DIST_HAD_4x4	0.00106393	4.76
TR_iDST_4x4	0.000153673	0.479

Frame	16
Others	12.6194	21606.9
TR_DCT_32x32	0.0683278	8.241
DIST_SSE_32x32	0.0373926	19.983
TR_DCT_16x16	0.0721739	52.664
DIST_SSE_16x16	0.0401183	95.289
TR_DCT_8x8	0.0616383	204.872
DIST_SSE_8x8	0.0357621	322.295
TR_iDCT_32x32	0.0684492	6.413
TR_iDCT_16x16	0.03926	21.652
DIST_SSE_64x64	0.0109301	1.264
DIST_SAD_64x64	0.043901	30.94
DIST_SAD_64x64sub	0.0509529	36.771
INTERPOL_HALF_64x64	0.043098	0.728
DIST_HAD_64x64	0.135957	15.309
INTERPOL_QUARTER_64x64	0.0983172	0.728
DIST_SAD_32x64	0.0455512	61.88
DIST_SAD_32x64sub	0.0405706	57.176
INTERPOL_HALF_32x64	0.043924	1.456
DIST_HAD_32x64	0.125722	27.3
INTERPOL_QUARTER_32x64	0.0998845	1.456
DIST_SAD_64x32	0.0471635	61.88
DIST_SAD_64x32sub	0.0397991	54.528
INTERPOL_HALF_64x32	0.0449987	1.456
DIST_HAD_64x32	0.12282	27.3
INTERPOL_QUARTER_64x32	0.101221	1.456
DIST_HAD_64x16	0.00101032	0.43
DIST_HAD_64x48	0.00291506	0.43
DIST_HAD_16x64	0.00142922	0.58
DIST_HAD_48x64	0.00399056	0.58
TR_DCT_4x4	0.0947859	648.02
DIST_SSE_4x4	0.115078	1473.6
DIST_SAD_32x32	0.0541706	123.76
DIST_SAD_32x32sub	0.0630946	157.259
INTERPOL_HALF_32x32	0.0466883	2.912
DIST_HAD_32x32	0.138447	58.366
INTERPOL_QUARTER_32x32	0.103492	2.912
DIST_SAD_16x32	0.0695815	247.52
DIST_SAD_16x32sub	0.0447001	181.91
INTERPOL_HALF_16x32	0.0501816	5.824
DIST_HAD_16x32	0.137806	109.2
INTERPOL_QUARTER_16x32	0.108451	5.824
DIST_SAD_32x16	0.0707852	247.484
DIST_SAD_32x16sub	0.046246	186.801
INTERPOL_HALF_32x16	0.0509588	5.824
DIST_HAD_32x16	0.137288	109.2
INTERPOL_QUARTER_32x16	0.108327	5.824
DIST_SAD_16x16	0.105396	494.878
DIST_SAD_16x16sub	0.0881578	518.309
INTERPOL_HALF_16x16	0.0569534	11.648
DIST_HAD_16x16	0.15739	221.704
INTERPOL_QUARTER_16x16	0.115051	11.648
DIST_SAD_8x16	0.102591	989.684
DIST_SAD_8x16sub	0.061176	566.229
INTERPOL_HALF_8x16	0.0655588	23.296
DIST_HAD_8x16	0.161283	436.8
INTERPOL_QUARTER_8x16	0.126565	23.296
DIST_SAD_16x8	0.237111	1522.14
INTERPOL_HALF_16x8	0.0676355	23.296
DIST_HAD_16x8	0.16133	436.8
INTERPOL_QUARTER_16x8	0.126954	23.296
DIST_SAD_8x8	0.38772	3348.01
INTERPOL_HALF_8x8	0.0829559	46.592
DIST_HAD_8x8	0.198669	859.341
INTERPOL_QUARTER_8x8	0.142221	46.592
DIST_SAD_4x8	0.197836	1743.42
INTERPOL_HALF_4x8	0.0554893	46.592
DIST_HAD_4x8	0.142598	908.544
INTERPOL_QUARTER_4x8	0.0853472	46.592
DIST_SAD_8x4	0.20269	1656.82
INTERPOL_HALF_8x4	0.059578	46.592
DIST_HAD_8x4	0.148975	908.544
INTERPOL_QUARTER_8x4	0.0886223	46.592
DIST_HAD_32x8	0.0143139	20.8
DIST_HAD_32x24	0.0396696	20.8
DIST_HAD_8x32	0.0204008	29.09
DIST_HAD_24x32	0.054396	29.09
TR_iDCT_8x8	0.0263522	47.76
DIST_HAD_16x4	0.0125302	52.96
DIST_HAD_16x12	0.0276404	52.96
DIST_HAD_4x16	0.0150605	58.2
DIST_HAD_12x16	0.0310907	58.2
TR_DST_4x4	0.00898806	30.236
TR_iDCT_4x4	0.0154311	52.506
TR_iDST_4x4	0.00389976	14.501
DIST_SAD_32x8	0.0303241	99.772
INTERPOL_HALF_32x8	0.00562568	1.056
INTERPOL_QUARTER_32x8	0.0111288	1.056
DIST_SAD_32x24	0.0207261	44.88
DIST_SAD_32x24sub	0.0137519	34.736
INTERPOL_HALF_32x24	0.0133689	1.056
INTERPOL_QUARTER_32x24	0.029699	1.056
DIST_SAD_8x32	0.0140389	63.92
DIST_SAD_8x32sub	0.0170897	94.849
INTERPOL_HALF_8x32	0.00752278	1.504
INTERPOL_QUARTER_8x32	0.0157354	1.504
DIST_SAD_24x32	0.0307219	63.92
DIST_SAD_24x32sub	0.0156115	37.818
INTERPOL_HALF_24x32	0.018743	1.504
INTERPOL_QUARTER_24x32	0.0417407	1.504
DIST_SAD_16x4	0.0422202	225.239
INTERPOL_HALF_16x4	0.00542001	2.64
INTERPOL_QUARTER_16x4	0.00911016	2.64
DIST_SAD_16x12	0.0311384	112.2
DIST_SAD_16x12sub	0.0160446	71.157
INTERPOL_HALF_16x12	0.0107093	2.64
INTERPOL_QUARTER_16x12	0.0214594	2.64
DIST_SAD_4x16	0.022111	124.233
DIST_SAD_4x16sub	0.0171382	135.656
INTERPOL_HALF_4x16	0.00556441	2.928
INTERPOL_QUARTER_4x16	0.00983518	2.928
DIST_SAD_12x16	0.0359202	124.404
DIST_SAD_12x16sub	0.0232358	97.22
INTERPOL_HALF_12x16	0.0118548	2.928
INTERPOL_QUARTER_12x16	0.0236268	2.928
DIST_HAD_4x4	0.0179846	82.74

Frame	17
Others	10.126	19142.9
TR_DCT_32x32	0.0401922	4.834
DIST_SSE_32x32	0.0213337	11.385
TR_DCT_16x16	0.0467431	34.041
DIST_SSE_16x16	0.0244327	57.224
TR_DCT_8x8	0.0402926	134.156
DIST_SSE_8x8	0.0238348	211.938
DIST_SSE_64x64	0.00843705	0.978
DIST_SAD_64x64	0.0442982	30.94
DIST_SAD_64x64sub	0.0542733	38.293
INTERPOL_HALF_64x64	0.0432959	0.728
DIST_HAD_64x64	0.124152	13.874
INTERPOL_QUARTER_64x64	0.0979215	0.728
DIST_SAD_32x64	0.0459031	61.88
DIST_SAD_32x64sub	0.0362661	50.729
INTERPOL_HALF_32x64	0.044355	1.456
DIST_HAD_32x64	0.126599	27.3
INTERPOL_QUARTER_32x64	0.0997984	1.456
DIST_SAD_64x32	0.0474861	61.88
DIST_SAD_64x32sub	0.0293943	40.182
INTERPOL_HALF_64x32	0.045217	1.456
DIST_HAD_64x32	0.12345	27.3
INTERPOL_QUARTER_64x32	0.100266	1.456
TR_DCT_4x4	0.0685369	473.628
DIST_SSE_4x4	0.0742764	1047.7
DIST_SAD_32x32	0.0512101	123.742
DIST_SAD_32x32sub	0.0586232	148.365
INTERPOL_HALF_32x32	0.0462134	2.912
DIST_HAD_32x32	0.124277	53.326
INTERPOL_QUARTER_32x32	0.101421	2.912
DIST_SAD_16x32	0.0642947	247.475
DIST_SAD_16x32sub	0.0386703	161.484
INTERPOL_HALF_16x32	0.0496157	5.824
DIST_HAD_16x32	0.134346	109.2
INTERPOL_QUARTER_16x32	0.106295	5.824
DIST_SAD_32x16	0.0656486	247.484
DIST_SAD_32x16sub	0.0406405	168.394
INTERPOL_HALF_32x16	0.0506152	5.824
DIST_HAD_32x16	0.134311	109.2
INTERPOL_QUARTER_32x16	0.10633	5.824
DIST_SAD_16x16	0.0954099	494.806
DIST_SAD_16x16sub	0.081585	495.316
INTERPOL_HALF_16x16	0.0567131	11.648
DIST_HAD_16x16	0.143171	210.259
INTERPOL_QUARTER_16x16	0.113384	11.648
DIST_SAD_8x16	0.0939431	989.648
DIST_SAD_8x16sub	0.0531217	528.624
INTERPOL_HALF_8x16	0.0656712	23.296
DIST_HAD_8x16	0.156519	436.8
INTERPOL_QUARTER_8x16	0.125797	23.296
DIST_SAD_16x8	0.224228	1479.47
INTERPOL_HALF_16x8	0.0697964	23.296
DIST_HAD_16x8	0.161613	436.8
INTERPOL_QUARTER_16x8	0.128978	23.296
DIST_SAD_8x8	0.36926	3259.35
INTERPOL_HALF_8x8	0.083461	46.592
DIST_HAD_8x8	0.192793	839.461
INTERPOL_QUARTER_8x8	0.142341	46.592
DIST_SAD_4x8	0.190239	1724.66
INTERPOL_HALF_4x8	0.056039	46.592
DIST_HAD_4x8	0.140279	908.544
INTERPOL_QUARTER_4x8	0.0862429	46.592
DIST_SAD_8x4	0.194314	1637.6
INTERPOL_HALF_8x4	0.0596887	46.592
DIST_HAD_8x4	0.145945	908.544
INTERPOL_QUARTER_8x4	0.0889939	46.592
TR_iDCT_32x32	0.0173245	1.589
TR_iDCT_16x16	0.00840328	4.302
DIST_HAD_64x16	0.000342379	0.14
DIST_HAD_64x48	0.000962687	0.14
DIST_HAD_16x64	0.00082354	0.32
DIST_HAD_48x64	0.00224018	0.32
TR_iDCT_8x8	0.00346322	6.396
DIST_SAD_8x32	0.0058913	31.933
DIST_SAD_8x32sub	0.00808529	47.755
INTERPOL_HALF_8x32	0.00372052	0.752
DIST_HAD_8x32	0.010115	14.48
INTERPOL_QUARTER_8x32	0.00783099	0.752
DIST_SAD_24x32	0.013666	31.942
DIST_SAD_24x32sub	0.0111767	28.958
INTERPOL_HALF_24x32	0.00927014	0.752
DIST_HAD_24x32	0.0270007	14.48
INTERPOL_QUARTER_24x32	0.0207866	0.752
DIST_HAD_16x4	0.00261612	10.33
DIST_HAD_16x12	0.00556953	10.33
DIST_HAD_4x16	0.00552477	22.38
DIST_HAD_12x16	0.011455	22.38
TR_iDCT_4x4	0.00172791	5.571
DIST_SAD_16x4	0.00782298	43.986
INTERPOL_HALF_16x4	0.000996438	0.48
INTERPOL_QUARTER_16x4	0.00166536	0.48
DIST_SAD_16x12	0.00525438	20.4
DIST_SAD_16x12sub	0.00366534	18.585
INTERPOL_HALF_16x12	0.00197051	0.48
INTERPOL_QUARTER_16x12	0.00393487	0.48
DIST_SAD_4x16	0.00734994	48.28
DIST_SAD_4x16sub	0.0088183	72.692
INTERPOL_HALF_4x16	0.002094	1.136
INTERPOL_QUARTER_4x16	0.00373413	1.136
DIST_SAD_12x16	0.0119853	48.253
DIST_SAD_12x16sub	0.0115503	54.983
INTERPOL_HALF_12x16	0.00447516	1.136
INTERPOL_QUARTER_12x16	0.00903552	1.136
TR_DST_4x4	0.000392471	1.201
TR_iDST_4x4	8.47329e-05	0.264
DIST_HAD_4x4	0.000664255	3.22
DIST_SAD_32x8	0.0140961	43.377
INTERPOL_HALF_32x8	0.00195448	0.368
DIST_HAD_32x8	0.00567266	7.49
INTERPOL_QUARTER_32x8	0.00387254	0.368
DIST_SAD_32x24	0.00724465	15.622
DIST_SAD_32x24sub	0.00547362	13.087
INTERPOL_HALF_32x24	0.00459226	0.368
DIST_HAD_32x24	0.0145647	7.49
INTERPOL_QUARTER_32x24	0.0102885	0.368

Frame	18
Others	9.73063	18607.4
TR_DCT_32x32	0.0444016	5.36
DIST_SSE_32x32	0.0235775	12.602
TR_DCT_16x16	0.0501674	36.734
DIST_SSE_16x16	0.0266482	62.767
TR_DCT_8x8	0.04297	143.364
DIST_SSE_8x8	0.0249868	226.527
DIST_SSE_64x64	0.0088098	1.022
DIST_SAD_64x64	0.0437622	30.94
DIST_SAD_64x64sub	0.040863	29.521
INTERPOL_HALF_64x64	0.0430981	0.728
DIST_HAD_64x64	0.126442	14.224
INTERPOL_QUARTER_64x64	0.0974081	0.728
DIST_SAD_32x64	0.0450117	61.88
DIST_SAD_32x64sub	0.0279327	39.353
INTERPOL_HALF_32x64	0.0437224	1.456
DIST_HAD_32x64	0.124818	27.3
INTERPOL_QUARTER_32x64	0.0984257	1.456
DIST_SAD_64x32	0.0471237	61.88
DIST_SAD_64x32sub	0.025332	34.695
INTERPOL_HALF_64x32	0.0449183	1.456
DIST_HAD_64x32	0.1226	27.3
INTERPOL_QUARTER_64x32	0.0997551	1.456
TR_DCT_4x4	0.0705581	498.8
DIST_SSE_4x4	0.075969	1105.47
DIST_SAD_32x32	0.051253	123.724
DIST_SAD_32x32sub	0.044883	113.201
INTERPOL_HALF_32x32	0.0462595	2.912
DIST_HAD_32x32	0.126196	54.061
INTERPOL_QUARTER_32x32	0.101206	2.912
DIST_SAD_16x32	0.0644395	247.484
DIST_SAD_16x32sub	0.0348627	145.369
INTERPOL_HALF_16x32	0.0497687	5.824
DIST_HAD_16x32	0.13452	109.2
INTERPOL_QUARTER_16x32	0.106333	5.824
DIST_SAD_32x16	0.0656313	247.52
DIST_SAD_32x16sub	0.0341667	141.355
INTERPOL_HALF_32x16	0.0506111	5.824
DIST_HAD_32x16	0.134348	109.2
INTERPOL_QUARTER_32x16	0.106095	5.824
DIST_SAD_16x16	0.0949409	495.04
DIST_SAD_16x16sub	0.0632117	382.946
INTERPOL_HALF_16x16	0.056465	11.648
DIST_HAD_16x16	0.143729	211.939
INTERPOL_QUARTER_16x16	0.112833	11.648
DIST_SAD_8x16	0.0920002	990.053
DIST_SAD_8x16sub	0.0452653	452.069
INTERPOL_HALF_8x16	0.0651918	23.296
DIST_HAD_8x16	0.154755	436.8
INTERPOL_QUARTER_8x16	0.124826	23.296
DIST_SAD_16x8	0.210262	1424
INTERPOL_HALF_16x8	0.0677791	23.296
DIST_HAD_16x8	0.158174	436.8
INTERPOL_QUARTER_16x8	0.126387	23.296
DIST_SAD_8x8	0.328928	3049.84
INTERPOL_HALF_8x8	0.0815632	46.592
DIST_HAD_8x8	0.18665	841.456
INTERPOL_QUARTER_8x8	0.139723	46.592
DIST_SAD_4x8	0.163733	1564.93
INTERPOL_HALF_4x8	0.0545069	46.592
DIST_HAD_4x8	0.132029	908.544
INTERPOL_QUARTER_4x8	0.0839022	46.592
DIST_SAD_8x4	0.168429	1497.22
INTERPOL_HALF_8x4	0.0580957	46.592
DIST_HAD_8x4	0.137024	908.544
INTERPOL_QUARTER_8x4	0.087057	46.592
TR_iDCT_16x16	0.0135742	7
TR_iDCT_32x32	0.0255311	2.346
TR_iDCT_8x8	0.00609812	11.501
DIST_HAD_64x16	0.000559319	0.23
DIST_HAD_64x48	0.00158021	0.23
DIST_HAD_16x64	0.0008	0.31
DIST_HAD_48x64	0.00216052	0.31
TR_iDCT_4x4	0.00295995	10.334
DIST_SAD_8x32	0.0074086	40.8
DIST_SAD_8x32sub	0.00911856	54.03
INTERPOL_HALF_8x32	0.00474387	0.96
DIST_HAD_8x32	0.0126829	18.32
INTERPOL_QUARTER_8x32	0.00988343	0.96
DIST_SAD_24x32	0.0172135	40.8
DIST_SAD_24x32sub	0.0095394	24.67
INTERPOL_HALF_24x32	0.0117958	0.96
DIST_HAD_24x32	0.0340126	18.32
INTERPOL_QUARTER_24x32	0.0263721	0.96
DIST_HAD_16x4	0.003881	16.01
DIST_HAD_16x12	0.00818156	16.01
DIST_HAD_4x16	0.00861498	34.35
DIST_HAD_12x16	0.0176697	34.35
DIST_SAD_4x16	0.0111213	74.8
DIST_SAD_4x16sub	0.00877418	81.025
INTERPOL_HALF_4x16	0.00324019	1.76
INTERPOL_QUARTER_4x16	0.00577069	1.76
DIST_SAD_12x16	0.0180985	74.8
DIST_SAD_12x16sub	0.0137379	66.994
INTERPOL_HALF_12x16	0.00693087	1.76
INTERPOL_QUARTER_12x16	0.0138928	1.76
TR_DST_4x4	0.0013234	4.334
TR_iDST_4x4	0.000320359	1.111
DIST_HAD_4x4	0.00193824	11.2
DIST_HAD_32x8	0.00648013	8.81
DIST_HAD_32x24	0.0170269	8.81
DIST_SAD_32x8	0.0134744	41.676
INTERPOL_HALF_32x8	0.00236932	0.448
INTERPOL_QUARTER_32x8	0.00465029	0.448
DIST_SAD_32x24	0.00886922	19.04
DIST_SAD_32x24sub	0.00656259	15.706
INTERPOL_HALF_32x24	0.00560452	0.448
INTERPOL_QUARTER_32x24	0.0124682	0.448
DIST_SAD_16x4	0.0118762	59.526
INTERPOL_HALF_16x4	0.0015588	0.768
INTERPOL_QUARTER_16x4	0.00262662	0.768
DIST_SAD_16x12	0.00873367	32.64
DIST_SAD_16x12sub	0.00403858	17.811
INTERPOL_HALF_16x12	0.00306342	0.768
INTERPOL_QUARTER_16x12	0.00613787	0.768

Frame	19
Others	10.1403	18670.2
TR_DCT_32x32	0.0452531	5.287
DIST_SSE_32x32	0.0236637	12.343
TR_DCT_16x16	0.0509551	36.252
DIST_SSE_16x16	0.0268045	61.233
TR_DCT_8x8	0.0433291	140.088
DIST_SSE_8x8	0.0245089	220.718
DIST_SSE_64x64	0.00919727	1.026
DIST_SAD_64x64	0.0449749	30.94
DIST_SAD_64x64sub	0.0493498	33.636
INTERPOL_HALF_64x64	0.0443412	0.728
DIST_HAD_64x64	0.12888	14.189
INTERPOL_QUARTER_64x64	0.0992235	0.728
DIST_SAD_32x64	0.0457271	61.88
DIST_SAD_32x64sub	0.0330252	44.893
INTERPOL_HALF_32x64	0.0448506	1.456
DIST_HAD_32x64	0.126972	27.3
INTERPOL_QUARTER_32x64	0.100949	1.456
DIST_SAD_64x32	0.047793	61.88
DIST_SAD_64x32sub	0.0276004	36.483
INTERPOL_HALF_64x32	0.0456848	1.456
DIST_HAD_64x32	0.124269	27.3
INTERPOL_QUARTER_64x32	0.101452	1.456
TR_DCT_4x4	0.0683979	486.384
DIST_SSE_4x4	0.0748868	1076.18
DIST_SAD_32x32	0.0520486	123.76
DIST_SAD_32x32sub	0.0502452	120.047
INTERPOL_HALF_32x32	0.047386	2.912
DIST_HAD_32x32	0.127373	53.816
INTERPOL_QUARTER_32x32	0.10379	2.912
DIST_SAD_16x32	0.0650629	247.52
DIST_SAD_16x32sub	0.0408487	163.434
INTERPOL_HALF_16x32	0.0507272	5.824
DIST_HAD_16x32	0.136016	109.2
INTERPOL_QUARTER_16x32	0.108547	5.824
DIST_SAD_32x16	0.0665649	247.493
DIST_SAD_32x16sub	0.0383241	150.351
INTERPOL_HALF_32x16	0.0517494	5.824
DIST_HAD_32x16	0.135917	109.2
INTERPOL_QUARTER_32x16	0.108313	5.824
DIST_SAD_16x16	0.0960732	495.04
DIST_SAD_16x16sub	0.0739951	420.302
INTERPOL_HALF_16x16	0.0577691	11.648
DIST_HAD_16x16	0.144783	210.889
INTERPOL_QUARTER_16x16	0.115368	11.648
DIST_SAD_8x16	0.0944884	990.08
DIST_SAD_8x16sub	0.0513836	483.21
INTERPOL_HALF_8x16	0.0671767	23.296
DIST_HAD_8x16	0.157654	436.8
INTERPOL_QUARTER_8x16	0.12819	23.296
DIST_SAD_16x8	0.217883	1425.08
INTERPOL_HALF_16x8	0.0703555	23.296
DIST_HAD_16x8	0.161306	436.8
INTERPOL_QUARTER_16x8	0.129979	23.296
DIST_SAD_8x8	0.347504	3104.92
INTERPOL_HALF_8x8	0.0844341	46.592
DIST_HAD_8x8	0.189743	840.266
INTERPOL_QUARTER_8x8	0.143802	46.592
DIST_SAD_4x8	0.173844	1604.67
INTERPOL_HALF_4x8	0.0568201	46.592
DIST_HAD_4x8	0.135336	908.544
INTERPOL_QUARTER_4x8	0.086738	46.592
DIST_SAD_8x4	0.176119	1517.8
INTERPOL_HALF_8x4	0.0603947	46.592
DIST_HAD_8x4	0.139768	908.544
INTERPOL_QUARTER_8x4	0.0895048	46.592
TR_iDCT_32x32	0.0239717	2.126
TR_iDCT_16x16	0.012308	6.004
TR_iDCT_8x8	0.00511108	9.037
DIST_HAD_64x16	0.000488002	0.2
DIST_HAD_64x48	0.00138022	0.2
DIST_HAD_16x64	0.000901929	0.34
DIST_HAD_48x64	0.00244252	0.34
DIST_SAD_8x32	0.00720609	38.76
DIST_SAD_8x32sub	0.0122822	68.928
INTERPOL_HALF_8x32	0.00459235	0.912
DIST_HAD_8x32	0.0122712	17.41
INTERPOL_QUARTER_8x32	0.00969884	0.912
DIST_SAD_24x32	0.0166984	38.76
DIST_SAD_24x32sub	0.0119511	30.745
INTERPOL_HALF_24x32	0.0115281	0.912
DIST_HAD_24x32	0.0329875	17.41
INTERPOL_QUARTER_24x32	0.025863	0.912
DIST_HAD_16x4	0.00368585	14.71
DIST_HAD_16x12	0.00763302	14.71
DIST_HAD_4x16	0.00621572	24.05
DIST_HAD_12x16	0.0128277	24.05
TR_iDCT_4x4	0.00227998	6.917
DIST_SAD_16x4	0.0101513	57.084
INTERPOL_HALF_16x4	0.00145692	0.704
INTERPOL_QUARTER_16x4	0.00244579	0.704
DIST_SAD_16x12	0.00719203	29.92
DIST_SAD_16x12sub	0.00407387	19.998
INTERPOL_HALF_16x12	0.00283957	0.704
INTERPOL_QUARTER_16x12	0.00570117	0.704
DIST_SAD_4x16	0.0084796	51.68
DIST_SAD_4x16sub	0.00991709	76.551
INTERPOL_HALF_4x16	0.00234389	1.216
INTERPOL_QUARTER_4x16	0.00417463	1.216
DIST_SAD_12x16	0.0135474	51.68
DIST_SAD_12x16sub	0.0110647	47.509
INTERPOL_HALF_12x16	0.00498202	1.216
INTERPOL_QUARTER_12x16	0.0100401	1.216
TR_DST_4x4	0.00088388	2.435
DIST_HAD_4x4	0.00139342	6.44
TR_iDST_4x4	0.000179526	0.543
DIST_HAD_32x8	0.00548457	7.05
DIST_HAD_32x24	0.0141621	7.05
DIST_SAD_32x8	0.0129372	35.142
INTERPOL_HALF_32x8	0.00195739	0.352
INTERPOL_QUARTER_32x8	0.00386311	0.352
DIST_SAD_32x24	0.00713744	14.888
DIST_SAD_32x24sub	0.0075349	16.628
INTERPOL_HALF_32x24	0.00461692	0.352
INTERPOL_QUARTER_32x24	0.0103657	0.352

